FID;ID_MANANTIAL;LATITUD;LONGITUD;FECHA;CAUDAL;TEMPERATUR;OLOR;CARBONATO_;BICARBONAT;SULFURO_HI;PH_LABORATORIO;CONDUCTIVIDAD;ALCALINIDAD;BICARBON_1;CARBONATOS;SOLIDOS_SO;SOLIDOS_TOTAL;CLORUROS;SULFATOS;NITRATOS;CALCIO;MAGNESIO;ESTRONCIO;SODIO;POTASIO;HIERRO;MANGANESO;ALUMINIO;SILICIO;SILICE;BORO;LITIO;FLUOR;MERCURIO;ZINC;YODURO;BROMURO;NIQUEL;ARSENICO;ANTIMONIO;CESIO;RUBIDIO;DEUTERIO;OXIGENO18;GAS_CARBON;SULFURO__1;METANO;ARGON;NITROGENO;HELIO;HIDROGENO;RADON;PH_IN_SITU;CONDUCTIVIDAD_ELÉCTRICA;AMONIO;OXIGENO;CONSULTABL;OBSERVACIO;DEPOSITOS_;CLASIFICACIÓN;MONOXIDO_C;FOSFATOS;x;y
1;1122;4,95194198;-75,52083893;7/29/2011;0,25;31;Ausente;0;1391;0;6,1;3100;1140,163934;1391;0;1768;0;368;49,2;32,2;89,5;41;0,3;530;27;4,7;0,6;-999;34,2;73,28571429;0;1,6;0,7;3,5;0;0;0;0;0;0;0;0;-77,25189125;-12,24949621;0;0;0;0;0;0;0;0;6,12;3100;0;0;1;;Óxidos de Hierro;Bicarbonatada;0;-999;-75,52083893;4,951941979
2;1123;4,91261771;-75,45702844;8/1/2011;0,25;51;Ausente;0;463,6;0;6,71;2825;380;463,6;0;1254;2028;566;35,34;0,63;35;7,5;0,249;465;51,5;-999;0,2;-999;65,2;139,7142857;0;2,5;0,73;2;0;0;0;0;0;0;0;0;-97,19094803;-12,4400053;0;0;0;0;0;0;0;0;6,71;2825;0;0;1;;;Clorurada;0;-999;-75,45702844;4,91261771
3;909;5,06388359;-73,5301886;8/31/2003;0;36,8;Ausente;0;450;0;7,87;983;368,852459;450;0;800;0;96,9;-999;0,656;7,23;2,05;0,208;209;2,76;0,113;0,026;0,084;14,04666667;30,1;0,459;0,084;0,989;-999;0;-999;-999;0;-999;-999;-999;-999;-66,364;-9,391;0;0;0;0;0;0;0;0;6,752;983;0,046;0;1;;;Bicarbonatada;0;-999;-73,5301886;5,063883588
4;910;5,06041632;-73,52552037;8/31/2003;1,3;50,8;Ausente;0;340;0;7,48;1363;278,6885246;340;0;914;0;256;0,242;-999;51,2;4,33;2,09;203;6,35;1,15;0,066;0,012;22,91333333;49,1;0,446;0,012;0,455;-999;0;-999;0,171;0;-999;-999;-999;-999;-66,623;-9,821;0;0;0;0;0;0;0;0;6,147;1363;2,46;0;1;Clasificación difiere de informe original  por diferencia de unidades (aquí en meq/L);;Clorurada;0;-999;-73,52552037;5,060416319
5;1124;4,91793756;-75,45509256;8/1/2011;1;62,5;Ausente;0;585,6;0;6,58;4900;480;585,6;0;2688;2782;1268;108;-999;79;11;0,264;824;75;0,3;0,3;-999;79,2;169,7142857;0;4,9;0,93;-999;0;0;0;0;0;0;0;0;-97,42763355;-11,43586365;0;0;0;0;0;0;0;0;6,58;4900;0;0;1;;Óxidos de Hierro;Clorurada;0;-999;-75,45509256;4,917937564
6;1125;4,91895759;-75,45583379;8/1/2011;1;67,5;Ausente;0;536,8;0;6,19;3670;440;536,8;0;2104;2188;845;112;-999;82,5;11;0,172;607;63,5;2,3;0,6;-999;75,9;162,6428571;0;3,15;1,27;2;0;0;0;0;0;0;0;0;-93,12392801;-11,55757779;0;0;0;0;0;0;0;0;6,19;3670;0;0;1;;Óxidos de Hierro;Clorurada;0;-999;-75,45583379;4,918957591
7;1126;4,91468393;-75,44594604;8/2/2011;0,1;84;Ausente;0;268;0;6,7;3880;219,6721311;268;0;2182;2230;1122;87,2;-999;30;10;-999;804;82,5;-999;1;-999;87,5;187,5;0;4,1;1,2;2;0;0;0;0;0;0;0;0;-91,8802571;-11,28801336;0;0;0;0;0;0;0;0;6,7;3880;0;0;1;;Carbonatos;Clorurada;0;-999;-75,44594604;4,914683933
8;1127;4,91120321;-75,44600196;8/2/2011;5;88;Ausente;0;268;0;7,78;3430;219,6721311;268;0;1902;1972;995;107;-999;30;4;-999;805;81;-999;0,3;-999;109;233,5714286;0;3,5;0,9;0,5;0;0;0;0;0;0;0;0;-92,63255792;-11,6056822;0;0;0;0;0;0;0;0;7,78;3430;0;0;1;;Azufre Coloidal;Clorurada;0;0,4;-75,44600196;4,911203212
9;1128;4,91392465;-75,4415188;8/3/2011;0,75;30,6;Ausente;0;84,18;0;6,73;139,2;69;84,18;0;156;0;2,34;3,2;2,17;8;6,2;-999;8,2;5,3;-999;-999;-999;52,9;113,3571429;0;-999;0,38;0;0;0;0;0;0;0;0;0;-82,05;-11,83;0;0;0;0;0;0;0;0;6,73;139,2;0;0;1;;;Bicarbonatada;0;0,13;-75,4415188;4,913924652
10;1129;4,90128109;-75,44388142;8/4/2011;0,1;46;Leve;0;378;0;6,1;3230;309,8360656;378;0;1732;2760;919;95,4;20,6;75;7,5;-999;580;73;0,8;0,2;-999;60,3;129,2142857;0;3,7;0,9;2;0;0;0;0;0;0;0;0;-92,64;-12,57;0;0;0;0;0;0;0;0;6,11;3230;0;0;1;;;Clorurada;0;-999;-75,44388142;4,901281088
11;1130;4,90505367;-75,45131625;8/4/2011;4;58;Ausente;0;293;0;6,3;2468;240,1639344;293;0;1386;1476;780;29,8;-999;32,5;12;0,2;578;53,5;0,7;0,3;-999;88,3;189,2142857;0;2,5;1;0,5;0;0;0;0;0;0;0;0;-90,27674081;-12,14158454;0;0;0;0;0;0;0;0;6,26;2468;0;0;1;;Óxidos de Hierro;Clorurada;0;0,1;-75,45131625;4,90505367
12;1006;11,02543907;-74,21619971;10/1/2007;1;40,8;Ausente;0;390;-888;8,02;2180;475,8;390;0;1342;0;264;338;-999;190;32,5;4;212;30;-999;-999;-888;17,6;37,71428571;-999;0,5;0,81;-888;-888;0;0;0;0;0;0;0;0;0;0;0;0;0;0;0;0;0;8,02;2180;0;0;1;;No;Clorurada-Sulfatada;0;1,4;-74,21619971;11,02543907
13;1007;5,58816753;-73,52974264;1/1/1981;0;0;Leve;0;0;0;7,9;0;1000;1220;0;0;0;1985;18;0;420;38,4;0;1150;97,5;0;0;0;10,26666667;22;2,5;8,3;0;0;0;0;0;0;0;0;0;0;0;0;0;0;0;0;0;0;0;0;7,9;0;0;0;1;;Óxidos de Hierro;Clorurada;0;0;-73,52974264;5,588167526
14;1297;2,33003919;-76,48951022;8/31/1981;0;74;H2S;0;915;0;0;0;14,83606557;915;0;0;0;1666,15;2688;0;108;32,4;0;2162;198,9;0;0;0;0;114;36,79;8,33;0;0;0;0;0;0;0;0;0;0;0;0;0;0;0;0;0;0;0;0;8,2;0;0;0;1;;;Sulfatada;0;0;-76,48951022;2,330039185
15;1298;2,30409342;-76,5087054;8/31/1981;0;58;;0;915;0;0;0;750;915;0;0;0;1347;1200;0;60;8,04;0;1656;58,5;0;0;0;50,4;108;29,21;3,89;0;0;0;0;0;0;0;0;0;0;0;0;0;0;0;0;0;0;0;0;6,3;4700;0;0;1;;;Clorurada-Sulfatada;0;0;-76,5087054;2,304093415
16;1010;5,29948611;-73,16823682;6/3/2009;0;64,5;Ausente;0;334;0;7,22;535;407,48;334;0;0;0;40;-999;0;29,5;1,5;0;86;25,6;0,2;0;0;19,13333333;41;-999;-999;0;0;0;0;0;0;0;0;0;0;0;0;0;0;0;0;0;0;0;0;7,22;535;0;0;1;;;Bicarbonatada;0;0;-73,16823682;5,299486113
17;1299;4,91448552;-75,44644314;7/30/1996;0;92,7;Ausente;0;293,23;0;7,34;0;240,352459;293,23;0;0;0;917,3;0;0;48;4,2;0;570;80;0,1;0,4;0,1;84;180;0;3,4;0;0;0,01;0;0;0;0;0;0;0,6;0;0;0;0;0;0;0;0;0;0;7,34;0;0;0;1;;;;0;0;-75,44644314;4,91448552
18;1020;4,47431534;-75,39008723;7/1/1982;0;94;Ausente;0;793;0;8,01;2000;967,46;793;0;0;0;297,78;182,4;0;19;21,6;0;460;39;0;0;0;95,2;204;15,14;2,71;0;0;0;0;0;0;0;0;0;0;0;0;0;0;0;0;0;0;0;0;8,01;2000;0;0;1;;Pátina Blanca;Bicarbonatada;0;0;-75,39008723;4,474315344
19;1108;5,76786829;-73,09854798;6/22/2001;0;21;Ausente;0;2620;0;6,5;46000;2147,540984;2620;0;0;0;5455;20812;0;175;22,5;4,7;13250;1637;0,2;1,7;0;19,5;41,8;5,3;18;6,1;0;0;0;0;0;0;0;0;0;0;0;0;0;0;0;0;0;0;0;6,5;46000;0;0;1;;;Sulfatada;0;0;-73,09854798;5,767868287
20;1109;5,75567302;-73,11060616;5/2/2001;0;63,4;Leve;0;2520;0;7,2;42500;2065,57377;2520;0;0;0;5138;19375;0;87;17;4,6;12500;1400;0,3;1,7;0;30;64;4,9;18;14,7;0;0;0;0;0;0;0;0;0;0;0;0;0;0;0;0;0;0;0;7,2;42500;0;0;1;;;Sulfatada;0;0;-73,11060616;5,755673016
21;1215;2,71616899;-75,57627062;6/1/2013;4;26,2;Ausente;0;63,44;0;6,63;142,1;52;63,44;0;0;0;1,291073631;12,04648429;-999;20,6;1,0475;0,078;4,81;2,6365;-999;-999;-999;10,54;22,58571429;-999;0,065;0,867462331;0;-999;0;0;0;0;0;0;0;-47,53490783;-8,744813563;0;0;0;0;0;0;0;0;6,63;142,1;0;0;1;solidos disueltos excluidos por inconsistencia;;Bicarbonatada;0;1,974260553;-75,57627062;2,71616899
22;1216;2,66754588;-75,51524624;9/27/2012;0;28,5;;0;135;1,82;7,16;229,3;110,6557377;135;0;0;0;-999;6,348876576;-999;39,95;1,1;-999;2,45;2,95;0,1;-999;-999;6,3;13,5;-999;-999;-999;0;-999;0;0;0;0;0;0;0;-55,86;-7,18;0;0;0;0;0;0;0;0;7,16;229,3;0;0;1;Surgencia en diferentes puntos del manantial;;Bicarbonatada;0;-999;-75,51524624;2,667545881
23;1217;2,75400792;-75,23395201;9/29/2012;0;46,5;;3;22;1,73;8,43;1199;23,03278689;22;3;0;0;82,94706029;383,4666386;-999;41,5;0,35;0,65;183,5;3,9;-999;-999;-999;15,1;32,35714286;-999;0,1;8,256892868;0;-999;0;0;0;0;0;0;0;-61,74;-8,09;0;0;0;0;0;0;0;0;8,43;1199;0;0;1;Efusión leve de gas.;;Sulfatada;0;-999;-75,23395201;2,754007925
24;1218;2,75361902;-75,23405953;9/29/2012;5,45;48,8;;3;22;1,86;8,54;1232;23,03278689;22;3;0;0;95,25053066;426,0561257;-999;42,05;0,35;0,9;194;4;-999;-999;-999;18,9;40,5;-999;0,1;7,918307654;0;-999;0;0;0;0;0;0;0;-61,19;-8,11;0;0;0;0;0;0;0;0;8,54;1232;0;0;1;;;Sulfatada;0;-999;-75,23405953;2,753619025
25;1219;2,74729133;-75,2325517;9/29/2012;0;34,5;;0;34;1,06;7,8;1075;27,86885246;34;0;0;0;77,86750479;330,2462854;-999;39,15;1,2;0,65;173;4,1;0,1;-999;-999;17,9;38,35714286;-999;-999;7,403938023;0;-999;0;0;0;0;0;0;0;-62,22;-8,29;0;0;0;0;0;0;0;0;7,8;1075;0;0;1;;;Sulfatada;0;-999;-75,2325517;2,74729133
26;1220;2,74909766;-75,2345766;9/30/2012;0;50,5;Leve;7,2;8;1,59;8,83;1368;18,55737705;8;7,2;0;0;85,59546434;364,8385428;-999;49,9;0,1;1;217,5;4,9;-999;-999;-999;18,5;39,64285714;-999;0,1;8,924526994;0;-999;0;0;0;0;0;0;0;-63,49;-8,37;0;0;0;0;0;0;0;0;8,83;1368;0;0;1;;;Sulfatada;0;-999;-75,2345766;2,749097661
27;1221;2,54000557;-75,34961214;9/28/2012;0;38,1;;0;24;2,52;8,08;2065;24,67213115;24;0;0;0;357,6983012;519,9510594;-999;140,5;1,1;2,45;313;3,8;0,1;-999;-999;10,6;22,71428571;0,2;0,1;7,190637434;0;-999;0;0;0;0;0;0;0;-61,43;-7,78;0;0;0;0;0;0;0;0;8,08;2065;0;0;1;Burbujeo leve. Materia orgánica en descomposición (heces de res). Roca=granito?;;Sulfatada;0;-999;-75,34961214;2,540005573
28;1222;2,11119716;-76,60917465;7/18/2012;0,42;33,8;;0;284,54;1,33;5,84;908;233,2295082;284,54;0;0;0;139,8161911;123,9304818;-999;67,4;40,5;0,1;88,05;14;10,1;1;-999;88,6;189,8571429;0,8;0,1;0,419889562;0;-999;0;0;0;0;0;0;0;-76,13038673;-10,60779022;0;0;0;0;0;0;0;0;5,84;908;0;0;1;Se observaron caolín y otras arcillas (alteración hidrotermal argílica);Otro;Bicarbonatada;0;-999;-76,60917465;2,111197159
29;893;8,28070696;-77,13960479;4/7/2013;1,35;36,2;Ausente;4;5;0;8,84;979;12;5;4;681;0;28,95757579;424,4871909;-999;103,1472917;-999;0,10675;87,245;-999;-999;0,796277778;-999;13,89441667;29,77375;-999;-999;0,386310141;0;-999;0;0;0;0;0;0;0;-50,22005054;-8,482561188;0;0;0;0;0;0;0;0;8,84;936;0;0;1;;No;Sulfatada;0;-999;-77,13960479;8,280706962
30;894;0,84106346;-77,93215278;9/9/2012;8;24,5;Leve;0;254,004;82,9;5,44;2004;208,2;254,004;0;1777;1854;7,325685405;963,9763787;8,778219622;412;50,7;0,8;32,8;7,7;0,4;1,8;-999;30,1;64,5;2,4;-999;-999;0;0,1;0;0;0;0;0;0;0;-89,80339464;-12,63029431;0;0;0;0;0;0;0;0;5,44;2004;0;0;1;;Pátina Blanca;Sulfatada;0;-999;-77,93215278;0,841063462
31;895;2,28701967;-76,46414978;7/12/2012;12;90,1;Leve;0;0;0;3,76;5030;0;0;0;3262;0;954,5351121;853,3666776;0,524030799;24;9;-999;867;124;0,3;0,4;-999;223,3;478,5;15,8;4,5;1,894170098;0;-999;0;0;0;0;0;0;0;-58,89202762;-7,446266409;0;0;0;0;0;0;0;0;3,76;5030;0;0;1;;Azufre;Clorurada;0;0,37466708;-76,46414978;2,287019673
32;1223;2,3505221;-76,40912335;7/10/2012;30;44,6;;0;0;14,684;1,71;8080;0;0;0;0;0;862,7656311;3302,3422;-999;190;260,5;1;248,5;63,5;46,7;10,7;120;60,1;128,7857143;1,8;-999;2,394531039;0;0,8;0;0;0;0;0;0;0;-80,37830978;-11,28888498;0;0;0;0;0;0;0;0;1,71;8080;0;0;1;;Azufre;Sulfatada;0;-999;-76,40912335;2,350522103
33;898;1,06750424;-77,73490404;10/25/2011;50;41;Ausente;0;402,6;0;7,11;2408;330;402,6;0;1409;0;604;162;1,703609838;55,5;36,5;1;362;26;0,1;0,8;-999;80,7;172,9285714;5,8;1;0,273767848;-999;-999;0;0;0;0;0;0;0;-74,4954242;-10,1525184;0;0;0;0;0;0;0;0;7,11;2408;0;0;1;;No;Clorurada;0;3,055184579;-77,73490404;1,067504236
34;1227;2,39085914;-76,44038225;9/30/1997;2,4;24;;0;0;0;2,5;0;0;0;0;0;0;0;0;0;55;67;0;76;14,4;8,4;3,9;42;41;87,857143;0;0,1;0;0;0,3;0;0;0;0;0;0;-999;0;0;0;0;0;0;0;0;0;0;2,5;3410;0;0;1;;;;0;0;-76,44038225;2,390859144
35;1228;2,33979475;-76,31326847;8/15/2012;0;32,9;Fuerte;0;0;20,68;4,57;1635;0;0;0;0;0;19,34422912;1034,831408;-999;256;63;0,8;60,4;9,5;0,2;2;-999;45,7;97,92857143;0,245;-999;0,547906745;0;0,1;0;0;0;0;0;0;0;-81,28457107;-12,27755669;0;0;0;0;0;0;0;0;4,57;1635;0;0;1;;;Sulfatada;0;-999;-76,31326847;2,339794749
36;1231;2,30811447;-76,50416608;8/14/2012;1;38;;0;445,3;0;6,82;964;365;445,3;0;0;0;89,6;107,860662;1,235906787;22,5;16,2;0,45;166;29;-999;-999;-999;59,7;127,9285714;2,146;0,2;0,407933911;0;-999;0;0;0;0;0;0;0;-76,77725409;-11,35186146;0;0;0;0;0;0;0;0;6,82;964;0;0;1;Materia orgánica sobrenadante;;Bicarbonatada;0;0,294114526;-76,50416608;2,308114472
37;905;4,97044137;-75,38182559;5/27/2011;1,2;63;H2S;0;0;0;1,6;10650;0;0;0;6978;0;790;4934;-999;208;219;8;490;86;93;5,8;337;126;270;0;0,1;19,6;0,4;0;0;0;0;0;0;0;0;-106,7265528;-14,92278244;0;0;0;0;0;0;0;0;1,62;10650;0;0;1;;Pátina Blanca;Sulfatada;0;-999;-75,38182559;4,970441374
38;1107;5,76642267;-73,0991282;6/22/2001;0;21,5;Ausente;0;2989;0;6,3;55800;2450;2989;0;0;0;7095;26652;0;47,3;14,6;5,2;16926;1757;4,67;2;0;14,74666667;31,6;7,4;22,9;5,76;0;0;0;0;0;0;0;0;0;0;0;0;0;0;0;0;0;0;0;6,3;55800;0;0;1;;;Sulfatada;0;0;-73,0991282;5,766422669
39;906;5,22080918;-73,71996255;8/31/2003;0,3;33,2;Ausente;0;18,1;0;6,82;39,2;14,83606557;18,1;0;47,6;0;0,251;2,16;0,659;3,41;0,037;-999;2,68;0,866;0,016;0,002;0,038;8,586666667;18,4;-999;0,038;0,265;-999;0;-999;-999;0;-999;-999;-999;-999;-71,9;-10,3;0;0;0;0;0;0;0;0;5,143;39,2;-999;0;1;;;Bicarbonatada;0;1,89;-73,71996255;5,220809177
40;1113;5,53633403;-75,02376015;4/27/2011;1,5;40;Ausente;0;1037;0;5,99;3420;850;1037;0;2026;2038;669;9,2;0,2;217;60,9;0;349;59,3;4,58;0,6;-999;89,8;192,4285714;0;4,1;0,2;0,2;-999;0;0;0;0;0;0;0;-53,26429427;-6,818217622;0;0;0;0;0;0;0;0;5,99;3420;0;0;1;Posible asociación a volcán El Escondido, recientemente identificado.;;Clorurada;0;-999;-75,02376015;5,536334034
41;918;4,92370363;-74,10542208;8/31/2003;0;59,5;Ausente;0;213;0;7,52;2830;174,5901639;213;0;1590;0;771;1,33;-999;47,6;4,5;0,945;493;6,88;-999;0,067;-999;22,07333333;47,3;0,153;0,227;0,521;-999;0;-999;0,12;0;-999;-999;-999;-999;-69;-9,89;0;0;0;0;0;0;0;0;6,73;2830;1,35;0;1;;;Clorurada;0;-999;-74,10542208;4,923703626
42;919;4,81898508;-73,67646042;8/31/2003;5;66,9;Ausente;0;502,5;0;6,86;411,8852459;411,8852459;502,5;0;0;0;129;0;0;13,06;1,9;0;216;1;0;0;0;21;45;0,1;0;0;0;0;0;0;0;0;0;0;0;0;0;0;0;0;0;0;0;0;0;6,86;1245;0;0;1;;Óxidos de Hierro;Bicarbonatada;0;0;-73,67646042;4,818985084
43;920;4,54962857;-73,91708792;8/31/1981;0;52;;0;336;0;6,6;640;275,4098361;336;0;0;0;50;15;0;52;8;0;64;5;0;0;0;19,32;41,4;0,19;0,18;0;0;0;0;0;0;0;0;0;0;0;0;0;0;0;0;0;0;0;0;6,6;640;0;0;1;;;Bicarbonatada;0;0;-73,91708792;4,549628571
44;1114;5,50533925;-75,00664714;4/29/2011;0,33;32;Ausente;0;1757;0;6,15;8740;1440,163934;1757;0;5166;5308;2218;2,8;0,3;284;57,1;0;1395;160;6,64;1,7;-999;62,9;134,7857143;0;14,7;0,2;0,31;-999;0;0;0;0;0;0;0;-50,83814969;-6,885600786;0;0;0;0;0;0;0;0;6,15;8740;0;0;1;Posible asociación a volcán El Escondido, recientemente identificado.;Óxidos de Hierro;Clorurada;0;-999;-75,00664714;5,505339251
45;1115;5,33110006;-73,57844184;5/25/2010;1;27,1;Ausente;0;11;0;4,82;283;9,016393443;11;0;28;32;0,1;2,2;0,3;0,24;-999;0;5,26;-999;-999;-999;-999;2,26;4,842857143;0;-999;0,2;0;-999;0;0;0;0;0;0;0;0;0;0;0;0;0;0;0;0;0;4,82;283;0;0;1;;;Bicarbonatada;0;1,6;-73,57844184;5,331100057
46;1116;4,97277223;-75,37824137;5/27/2011;1;29,5;Ausente;0;0;0;2;5850;0;0;0;3308;3568;336,0519041;2171,658861;17,00889514;85;101;1;221;41;23;2,7;180;84;180;0;-999;0,4;0,5;0;0;0;0;0;0;0;0;-96,00728832;-12,68279654;0;0;0;0;0;0;0;0;1,97;5850;0;0;1;pH extremadamente ácido. Análisis incompletos;;Sulfatada;0;-999;-75,37824137;4,972772231
47;1117;4,97042164;-75,37823671;5/27/2011;0,2;62,5;Fuerte;0;0;0;1,61;10540;0;0;0;6928;8008;795,6073141;5012,250079;-999;209;220;2;483;82;91;5,7;339;135;289,2857143;0;0,1;19,58;0,474;0;0;0;0;0;0;0;0;-107,5507257;-14,85838363;0;0;0;0;0;0;0;0;1,61;10540;0;0;1;;Azufre Coloidal;Sulfatada;0;-999;-75,37823671;4,970421642
48;1118;4,97035913;-75,37784896;5/27/2011;2;58;Fuerte;0;0;0;1,61;10230;0;0;0;6338;7168;715,2708361;4567,60575;-999;185;194;7;463;79;71;5,2;312;121;259,2857143;0;-999;18,54;0,412;0;0;0;0;0;0;0;0;-106,6978767;-14,4471704;0;0;0;0;0;0;0;0;1,61;10230;0;0;1;;Azufre Coloidal;Sulfatada;0;-999;-75,37784896;4,970359129
49;1119;4,9714587;-75,3795549;5/27/2011;4;48;Leve;0;0;0;1,71;9070;0;0;0;5240;5884;573,4419545;3812,402444;-999;201;153;2;350;60;72;4,2;243;105;225;0;-999;12,55;0,7;0;0;0;0;0;0;0;0;-104,4292773;-14,32239771;0;0;0;0;0;0;0;0;1,71;9070;0;0;1;;;Sulfatada;0;-999;-75,3795549;4,971458699
50;1202;4,74333179;-75,13413091;7/1/1982;0;37;;0;97,6;0;9,24;190;80;97,6;0;0;0;8,1535;0;0;0,6;0,1188;0;48,3;0,78;0;0;0;23,8;51;0;0,152658;0;0;0;0;0;0;0;0;0;0;0;0;0;0;0;0;0;0;0;0;9,24;190;0,0342;0;1;;;Bicarbonatada;0;0;-75,13413091;4,743331789
51;1120;4,97089772;-75,37977915;5/27/2011;2;45;Leve;0;0;0;1,74;8570;0;0;0;4610;5266;506,9168242;3448,633773;-999;148;122;0;222;45;68;3,7;229;98;210;0;-999;9,49;0,589;0;0;0;0;0;0;0;0;-102,420887;-13,09882035;0;0;0;0;0;0;0;0;1,74;8570;0;0;1;;Óxidos de Hierro;Sulfatada;0;-999;-75,37977915;4,970897725
52;1121;4,97079811;-75,37986008;5/27/2011;3;44,5;Leve;0;0;0;1,73;8410;0;0;0;4552;5120;497,4724181;3387,794891;-999;149;140;2;301;51;64;3,7;218;96;205,7142857;0;-999;9,49;0,406;0;0;0;0;0;0;0;0;-107,4524834;-13,54357462;0;0;0;0;0;0;0;0;1,73;8410;0;0;1;;Óxidos de Hierro;Sulfatada;0;-999;-75,37986008;4,970798115
53;1203;4,74396759;-75,13226632;4/19/2011;1;40;Ausente;33,6;82,96;0;9,37;252,4;124;82,96;33,6;0;132;11,8;6;-999;1,9;-999;0;49,7;0,44;-999;-999;-999;34,3;73,5;0;0,35;9,88;-999;-999;0;0;0;0;0;0;0;-87,11110753;-10,4067058;0;0;0;0;0;0;0;0;9,37;252,4;0;0;1;;;Bicarbonatada;0;-999;-75,13226632;4,743967592
54;1204;3,87362496;-75,32528248;3/17/2011;0,75;27;Ausente;0;228,75;0;7,09;403;187,5;228,75;0;0;220;7,875;41,70068807;0,45735606;89,4;0,743333333;0;1,1;0,63;0,14;-999;-999;6,323333333;13,55;0;-999;0,126;-999;-999;0;0;0;0;0;0;0;-56,1;-8,68;0;0;0;0;0;0;0;0;7,09;403;0;0;1;;;Bicarbonatada;0;-999;-75,32528249;3,873624965
55;1205;3,75406405;-74,8195924;3/14/2011;2;31,4;Fuerte;0;75,03;0;7,14;119;61,5;75,03;0;0;72;6,9;5,2;0,272362842;24,4;0,506666667;0;1,56;2,56;-999;-999;-999;9,39;20,12142857;0;-999;0,122;-999;-999;0;0;0;0;0;0;0;-51,38920542;-7,998816062;0;0;0;0;0;0;0;0;7,14;119;0;0;1;;Pátina Blanca;Bicarbonatada;0;-999;-74,8195924;3,754064047
56;1206;3,31704217;-74,75781048;5/30/2013;11;42,7;Ausente;0;422,12;16,4;8;4040;346;422,12;0;0;0;965,8927511;66,55072124;-999;41,255;11,055;2,427;666,95;44,73;-999;-999;-999;16,82;36,04285714;1,7;3,955;6,265933358;0;-999;0;0;0;0;0;0;0;-60,42074795;-10,39386375;0;0;0;0;0;0;0;0;7,3;4040;0;0;1;solidos disueltos excluidos por inconsistencia;;Clorurada;0;-999;-74,75781048;3,317042174
57;1207;2,53698638;-76,2462848;7/14/2012;1;48,7;;0;337,05;0;6,3;510;276,2704918;337,05;0;0;0;1,185422484;-999;-999;20,1;19,7;0,1;53,3;18,45;0,6;0,2;-999;104,5;223,9285714;-999;-999;0,214041337;0;-999;0;0;0;0;0;0;0;-71,61536532;-10,85484384;0;0;0;0;0;0;0;0;6,3;510;0;0;1;;;Bicarbonatada;0;3,274763656;-76,24628481;2,536986376
58;1133;5,0911513;-75,24090486;5/24/2011;0,5;40;Ausente;0;927,2;0;6,29;3050;760;927,2;0;1998;3316;218,2866547;576,8042174;-999;148;158,5;0,5;295,5;31;23;0,9;-999;87;186,4285714;0;1,1;0,24;0,707;0;0;0;0;0;0;0;0;-78,43998626;-10,58086395;0;0;0;0;0;0;0;0;6,29;3050;0;0;1;;Óxidos de Hierro;Bicarbonatada;0;-999;-75,24090486;5,0911513
59;1140;4,83488099;-75,54719239;8/8/2011;0,7;56;Ausente;0;744,2;0;6,11;2019;610;744,2;0;1230;1274;350,1;4,85;-999;69;49;-999;265;45;1,2;0,1;-999;130;278,5714286;0;2,1;0,42;0,5;0;0;0;0;0;0;0;0;-88,36607939;-12,18287978;0;0;0;0;0;0;0;0;6,11;2019;0;0;1;;Óxidos de Hierro;Bicarbonatada;0;-999;-75,54719239;4,834880987
60;1134;5,01365556;-75,25831994;5/30/2011;0,5;46;Ausente;0;915;0;6,56;2342;750;915;0;1510;1574;215,3764262;188,2559638;-999;98;22;2;581;26,5;2,3;0,1;-999;77;165;0;1,1;0,46;1,673;0;0;0;0;0;0;0;0;-77,54557309;-11,40797161;0;0;0;0;0;0;0;0;6,56;2342;0;0;1;;Óxidos de Hierro;Bicarbonatada;0;-999;-75,25831994;5,013655561
61;1135;5,01359156;-75,25871651;5/30/2011;0,5;43,5;Ausente;0;902,8;0;6,38;2283;740;902,8;0;1504;1524;208,9984925;184,7590658;-999;98,5;22;2;430,5;32,5;2;0,1;-999;72;154,2857143;0;1,1;0,45;1,226;0;0;0;0;0;0;0;0;-75,71283888;-11,05873779;0;0;0;0;0;0;0;0;6,38;2283;0;0;1;;Óxidos de Hierro;Bicarbonatada;0;-999;-75,25871651;5,013591556
62;1136;5,02296681;-75,25390999;5/30/2011;0,9;29;Ausente;0;585,6;0;6,75;1211;480;585,6;0;812;826;73,97728647;105,3289909;-999;71,1;17,3;0,4;273,4;15,5;1,9;0,1;-999;51,4;110,1428571;0;0,4;0,47;1,229;0;0;0;0;0;0;0;0;-75,70605716;-11,21145941;0;0;0;0;0;0;0;0;6,75;1211;0;0;1;;Óxidos de Hierro;Bicarbonatada;0;-999;-75,25390999;5,022966815
63;1137;4,84100089;-75,54730472;8/6/2011;0,5;61,5;Ausente;0;805,2;0;6,36;2331;660;805,2;0;1454;0;389;12,49;-999;71;58,5;0,18;319;43;1;0,1;-999;130;278,5714286;0;2,15;0,27;0,5;0;0;0;0;0;0;0;0;-89,47807808;-12,35351482;0;0;0;0;0;0;0;0;6,36;2331;0;0;1;;Óxidos de Hierro;Bicarbonatada;0;0,131741984;-75,54730472;4,841000889
64;1138;4,84111769;-75,54763842;8/6/2011;1;61;Ausente;0;793;0;6,5;2273;650;793;0;1344;1424;382;12,27;-999;67;59;-999;310;43;0,7;0,1;-999;135;289,2857143;0;2,15;0,28;0,5;0;0;0;0;0;0;0;0;-90,18188528;-12,39325174;0;0;0;0;0;0;0;0;6,5;2273;0;0;1;;Óxidos de Hierro;Bicarbonatada;0;0,128238503;-75,54763843;4,841117685
65;1139;4,84108931;-75,54821514;8/6/2011;2;62;Ausente;0;805,2;0;6,32;2292;660;805,2;0;1386;1452;458;12,73;-999;67,5;61;0,388;335;43,5;0,9;0,1;-999;128;274,2857143;0;2,15;0,26;0,5;0;0;0;0;0;0;0;0;-89,45066379;-12,18365893;0;0;0;0;0;0;0;0;6,32;2292;0;0;1;;Óxidos de Hierro;Bicarbonatada;0;0,133143377;-75,54821514;4,841089312
66;1018;4,68343608;-75,31120016;4/12/1998;0;48;;0;577;0;6,12;0;703,94;577;0;0;0;3,5;734;0;94;90;0;140;14;94;90;140;14;30;0;0,3;0;0;-999;0;0;0;0;0;0;-999;0;0;0;0;0;0;0;0;0;0;6,12;0;0;0;1;;;Sulfatada;0;0;-75,31120016;4,683436078
67;1017;4,74088978;-75,44657273;1/1/1992;0;21;Ausente;0;0;0;5;1050;0;0;0;0;0;19;767;0;88;41;0;25;6,3;0;0;0;21,93333333;47;0;0;0;0;0;0;0;0;0;0;0;0;0;0;0;0;0;0;0;0;0;0;5;1050;0;0;1;;;Sulfatada;0;0;-75,44657273;4,740889775
68;1019;4,59420499;-73,09774916;1/1/2003;4;73,7;Otro;0;72,6;-888;6,77;975;88,572;72,6;0;591,1985714;0;244;0,8;-999;52;2;1,1;160;6;0,5;0,2;-999;24;51,42857143;-999;0,1;0,47;0;-888;0;0;0;0;0;0;0;-48,3;-7,11;0;0;0;0;0;0;0;0;6,77;975;0;0;1;;Óxidos de Hierro;Clorurada;0;-888;-73,09774916;4,594204994
69;1141;4,8346856;-75,5455788;8/8/2011;0,7;55;Ausente;0;732;0;6,23;1960;600;732;0;1174;1246;362;6,16;-999;69;46;-999;285;42,4;1,4;0,1;-999;124;265,7142857;0;1,83;0,48;0,9;0;0;0;0;0;0;0;0;-89,11038586;-12,48370209;0;0;0;0;0;0;0;0;6,23;1960;0;0;1;;Óxidos de Hierro;Bicarbonatada;0;-999;-75,54557881;4,834685603
70;1142;4,8350645;-75,5459401;8/8/2011;1;56;Ausente;0;744,2;0;6,13;1958;610;744,2;0;1168;1234;362;5,61;-999;69,1;47,2;-999;275;42,8;1,2;0,1;-999;125;267,8571429;0;1,85;0,41;0,9;0;0;0;0;0;0;0;0;-89,35893638;-12,62590944;0;0;0;0;0;0;0;0;6,13;1958;0;0;1;;Óxidos de Hierro;Bicarbonatada;0;-999;-75,5459401;4,835064505
71;1143;4,83633585;-75,54746589;8/8/2011;0,7;58;Ausente;0;707,6;0;6,28;2078;580;707,6;0;1236;1298;390;37,72;-999;68,5;51;-999;293;46,5;0,9;-999;-999;114;244,2857143;0;0,5;0,28;2,15;0;0;0;0;0;0;0;0;-89,39779142;-12,20236215;0;0;0;0;0;0;0;0;6,28;2078;0;0;1;;Óxidos de Hierro;Bicarbonatada;0;0,214424143;-75,54746589;4,83633585
72;1144;4,83701405;-75,54737723;8/8/2011;0,75;60;Ausente;0;683,2;0;6,14;2050;560;683,2;0;1200;1256;391;4,45;-999;60;47;-999;282;46;1,3;-999;-999;117;250,7142857;0;0,5;0,28;2,25;0;0;0;0;0;0;0;0;-88,49103857;-12,08705889;0;0;0;0;0;0;0;0;6,14;2050;0;0;1;;Óxidos de Hierro;Bicarbonatada;0;0,23754712;-75,54737723;4,837014049
73;1145;4,83689582;-75,54770141;8/8/2011;0,75;52;Ausente;0;707,6;0;6,8;2028;580;707,6;0;1212;1280;369;3,86;17,6;70,5;49;-999;307;44,5;0,1;-999;-999;114;244,2857143;0;0,5;0,29;2,2;0;0;0;0;0;0;0;0;-88,71625577;-12,20697428;0;0;0;0;0;0;0;0;6,8;2028;0;0;1;;;Bicarbonatada;0;0,295704909;-75,54770141;4,836895824
74;1146;4,83720334;-75,54762998;8/8/2011;2;56;Ausente;0;695,4;0;6,03;2065;570;695,4;0;1256;1300;385;4,4;-999;65;47;-999;271;46;1,3;-999;-999;120;257,1428571;0;0,5;0,3;2,25;0;0;0;0;0;0;0;0;-87,65413824;-11,62805486;0;0;0;0;0;0;0;0;6,03;2065;0;0;1;;Óxidos de Hierro;Bicarbonatada;0;0,210219965;-75,54762998;4,837203343
75;1147;4,87563938;-75,26546667;4/14/2011;4;32;Leve;0;0;0;3,07;2539;0;0;0;2454;2528;52,5;1778,86707;2,290470675;449;22,7;0;43;10,55;15,315;0,722;26,9;24,2;51,85714286;0;-999;1,76;-999;-999;0;0;0;0;0;0;0;-105,0740135;-14,37190406;0;0;0;0;0;0;0;0;3,07;2539;0;0;1;;Azufre Coloidal;Sulfatada;0;-999;-75,26546667;4,875639377
76;1148;4,87689057;-75,26347685;4/14/2011;0;31;Leve;0;0;0;3,12;2421;0;0;0;2330;2394;53,8125;1679,395681;2,071842326;402,5;87,8;0;44,5;10,6;14,07;2,78;62,5;106;227,1428571;0;-999;1,86;0,203;-999;0;0;0;0;0;0;0;-106,7379574;-14,70220425;0;0;0;0;0;0;0;0;3,12;2421;0;0;1;;Azufre Coloidal;Sulfatada Cálcica;0;-999;-75,26347685;4,876890566
77;1149;4,83383159;-75,18641982;4/13/2011;0,25;38;Ausente;0;183;0;7,17;2920;150;183;0;1712;1758;800,625;74,73315512;0,7768898;96;1,05;0;448;15,3;-999;0,36;-999;43,5;93,21428571;0;3,4;2,02;-999;-999;0;0;0;0;0;0;0;-86,34253146;-13,71526458;0;0;0;0;0;0;0;0;7,17;2920;0;0;1;;Óxidos de Hierro;Clorurada;0;-999;-75,18641982;4,833831586
78;924;2,3403623;-76,31323059;4/7/1988;0;32;;0;33;0;5,5;0;27,04918033;33;0;0;0;25;955;0;237;62,5;0;54,5;9,23;0;0;0;53,66666667;115;0,22;0,03;0;0;0;0;0;0;0;0;0;0;0;0;0;0;0;0;0;0;0;0;5,5;0;0;0;1;Nombre en informe: UP (Upper spring);;Sulfatada;0;0;-76,3132306;2,3403623
79;1150;4,65883247;-75,39747782;3/30/2011;1,25;27;Ausente;0;915;0;6,23;1311;750;915;0;500;894;6,5625;80,25639995;-999;153,8;62,9;0;50,2;8,84;14,475;1,84;-999;69,5;148,9285714;0;-999;0,193;-999;-999;0;0;0;0;0;0;0;-97,90637542;-13,65743918;0;0;0;0;0;0;0;0;6,23;1311;0;0;1;;Óxidos de Hierro;Bicarbonatada;0;-999;-75,39747782;4,658832466
80;1151;4,61815747;-75,33830606;3/21/2011;2;33,2;Ausente;0;439,2;0;7,44;1420;360;439,2;0;1090;1126;61,6875;497,1071761;1,38232215;80,3;119;0;95,95;15,45;0,05;-999;-999;78,7;168,6428571;0;-999;0,356;0,283;-999;0;0;0;0;0;0;0;-88,52770909;-12,73422863;0;0;0;0;0;0;0;0;7,44;1420;0;0;1;;;Sulfatada;0;0,205490281;-75,33830606;4,618157475
81;1152;4,61529373;-75,33704861;3/22/2011;10;48,5;Ausente;0;1268,8;0;6,33;3130;1040;1268,8;0;2300;2428;171,9375;727,3123899;0,45735606;182;243;0;241,5;36,35;2,09;0,4165;-999;97,6;209,1428571;0;-999;0,459;0,234;-999;0;0;0;0;0;0;0;-96,29028372;-13,09218304;0;0;0;0;0;0;0;0;6,33;3130;0;0;1;;Óxidos de Hierro;Bicarbonatada;0;-999;-75,33704861;4,615293733
82;1153;4,61666873;-75,33660954;3/22/2011;0,06;49;Ausente;0;1342;0;6,43;3290;1100;1342;0;2426;2770;181,125;789,8372627;4,359031204;192;240;0;256,5;42,8;2,06;0,462;-999;96,55;206,8928571;0;-999;0,469;-999;-999;0;0;0;0;0;0;0;-96,14176036;-13,30386346;0;0;0;0;0;0;0;0;6,43;3290;0;0;1;;;Bicarbonatada;0;-999;-75,33660954;4,616668735
83;1154;4,61666923;-75,33633023;3/22/2011;0,06;49,5;Ausente;0;1244,4;0;6,36;3180;1020;1244,4;0;2386;2544;97,125;880,7825324;3,736781289;186;223,5;0;245;44,1;2,46;0,4185;-999;101;216,4285714;0;-999;0,446;-999;-999;0;0;0;0;0;0;0;-96,57173958;-13,38371895;0;0;0;0;0;0;0;0;6,36;3180;0;0;1;;Óxidos de Hierro;Bicarbonatada-Sulfatada;0;-999;-75,33633023;4,616669231
84;1155;4,61122636;-75,33645579;3/22/2011;0,5;47,5;Ausente;0;768,6;0;6,16;2676;630;768,6;0;1976;2262;141,75;872,2564133;1,819578847;138;202;0;208,5;41,4;1,23;0,4705;-999;97,4;208,7142857;0;-999;0,411;-999;-999;0;0;0;0;0;0;0;-94,68032334;-13,19358684;0;0;0;0;0;0;0;0;6,16;2676;0;0;1;;Óxidos de Hierro;Sulfatada;0;-999;-75,33645579;4,611226363
85;1156;4,6109666;-75,33508582;3/22/2011;1;52,5;Ausente;0;829,6;0;6,27;2960;680;829,6;0;2342;2492;157,5;923,4131275;0,827342496;148;225;0;230;48,05;1,13;0,559;-999;107,5;230,3571429;0;-999;0,374;0,169;-999;0;0;0;0;0;0;0;-97,24677719;-13,51681144;0;0;0;0;0;0;0;0;6,27;2960;0;0;1;;Óxidos de Hierro;Sulfatada;0;-999;-75,33508582;4,610966603
86;1157;4,60986363;-75,33507487;3/22/2011;0,8;46;Ausente;0;927,2;0;6,2;2843;760;927,2;0;2206;2524;152,25;860,8882546;4,527206856;151;212;0;213,5;43,45;1,93;1,305;-999;95,85;205,3928571;0;-999;0,372;-999;-999;0;0;0;0;0;0;0;-95,65021851;-13,49906577;0;0;0;0;0;0;0;0;6,2;2843;0;0;1;;Óxidos de Hierro;Sulfatada-Bicarbonatada;0;-999;-75,33507487;4,609863628
87;1158;4,61507822;-75,33621931;3/23/2011;0,53;46,5;Ausente;0;1329,8;0;6,67;3300;1090;1329,8;0;2402;2568;185,0625;809,7315405;2,122295022;188,5;250,5;0;254;43,55;-999;0,5385;-999;89,55;191,8928571;0;-999;0,382;-999;-999;0;0;0;0;0;0;0;-96,80925077;-13,3875216;0;0;0;0;0;0;0;0;6,67;3300;0;0;1;;Óxidos de Hierro;Bicarbonatada-Sulfatada;0;-999;-75,33621931;4,615078222
88;1159;4,61520254;-75,33748994;3/23/2011;0,2;50;Ausente;0;1342;0;6,49;3350;1100;1342;0;2444;2598;189;592,7;1,970936935;171;220;0;251,5;41,75;-999;0,512;-999;80;171,4285714;0;-999;0,338;-999;-999;0;0;0;0;0;0;0;-97,69586092;-13,54596503;0;0;0;0;0;0;0;0;6,49;3350;0;0;1;;Óxidos de Hierro;Bicarbonatada;0;-999;-75,33748994;4,61520254
89;1160;4,80963784;-75,15196872;4/18/2011;1;41,5;Ausente;0;80,52;0;8,21;277,1;66;80,52;0;146;176;38,0625;4,541019302;0,339633103;6,6;-999;0;48,9;0,84;-999;-999;-999;35,5;76,07142857;0;0,5;6,74;-999;-999;0;0;0;0;0;0;0;-79,02030612;-11,48571857;0;0;0;0;0;0;0;0;8,21;277,1;0;0;1;;;Bicarbonatada;0;-999;-75,15196872;4,809637843
90;1161;4,8106501;-75,15221366;4/18/2011;0,2;29,5;Ausente;0;79,3;0;6,65;159,8;65;79,3;0;108;166;15,8;4,6;1,045970845;8,42;0,59;0;27;0,87;-999;-999;-999;37,6;80,57142857;0;0,3;2,78;-999;-999;0;0;0;0;0;0;0;-70,4321621;-10,24639533;0;0;0;0;0;0;0;0;6,65;159,8;0;0;1;;;Bicarbonatada;0;-999;-75,15221366;4,810650102
91;1132;4,88958661;-75,39272467;7/28/2011;0,3;53;Fuerte;0;500,2;0;6,24;703;410;500,2;0;580;618;3,1;28,6;-999;44,4;36,3;-999;54,9;15,5;0,5;-999;-999;138;295,7142857;0;0,2;0,36;-999;0;0;0;0;0;0;0;0;-53,47624306;-6,85110182;0;0;0;0;0;0;0;0;6,24;703;0;0;1;;Azufre Coloidal;Bicarbonatada;0;-999;-75,39272467;4,889586611
92;1162;4,58726371;-75,31296145;3/23/2011;0,4;37;Ausente;0;1317,6;0;6,2;2581;1080;1317,6;0;1756;1830;105,2625;400,4778271;0,188275016;170,5;210;0;194;34,2;2,95;0,31;-999;89,35;191,4642857;0;-999;0,385;0,519;-999;0;0;0;0;0;0;0;-98,69226543;-13,67778996;0;0;0;0;0;0;0;0;6,2;2581;0;0;1;;Óxidos de Hierro;Bicarbonatada;0;-999;-75,31296145;4,587263714
93;1163;4,58920701;-75,31326211;4/21/2011;0,2;29;Leve;0;1061,4;0;6,27;2174;870;1061,4;0;1564;1656;81,375;494,2651364;0,17145745;131,5;204;0;139;17,65;2,48;0,486;-999;118;252,8571429;0;-999;0,374;-999;-999;0;0;0;0;0;0;0;-98,21845088;-12,12191571;0;0;0;0;0;0;0;0;6,17;1972;0;0;1;;Óxidos de Hierro;Bicarbonatada;0;-999;-75,31326211;4,589207014
94;1164;4,59002845;-75,31401133;4/21/2011;0,1;28;Leve;0;1012,6;0;6,5;1943;830;1012,6;0;1344;1410;74,8125;370,113226;1,130058671;137;206;0;111,2;14,7;0,44;0,1;-999;99,9;214,0714286;0;0,8;0,321;-999;-999;0;0;0;0;0;0;0;-101,8828462;-12,76371811;0;0;0;0;0;0;0;0;6,5;1943;0;0;1;;Óxidos de Hierro;Bicarbonatada;0;-999;-75,31401134;4,590028448
95;1165;4,58945849;-75,31422659;4/21/2011;0,2;32;Leve;0;1195,6;0;6,33;1766;980;1195,6;0;1630;1730;99,75;389,1096684;0,575079017;158;220;0;164;19,8;2,14;0,488;-999;113;242,1428571;0;0,9;0,352;-999;-999;0;0;0;0;0;0;0;-100,464682;-12,92907331;0;0;0;0;0;0;0;0;6,33;1766;0;0;1;;Óxidos de Hierro;Bicarbonatada;0;-999;-75,31422659;4,589458491
96;1166;4,51297859;-75,40726357;3/26/2011;0,3;29;Ausente;0;1512,8;0;6,17;1972;1240;1512,8;0;446;1436;45,9375;38,00603649;9,824739918;467;42,1;0;47,1;6,2;14,9;1,32;-999;62,2;133,2857143;0;0,6;0,137;-999;0,086;0;0;0;0;0;0;0;-69,01114579;-10,07354968;0;0;0;0;0;0;0;0;6,27;2174;0;0;1;;;Bicarbonatada;0;-999;-75,40726357;4,512978591
97;1167;4,47585665;-75,38764878;3/25/2011;0,25;82;Ausente;0;610;0;6,94;1715;500;610;0;1286;1314;127,3125;155,5;1,399139715;14;11,1;0;292;27,72;0,16;-999;-999;208;445,7142857;0;2,8;0,08;-999;-999;0;0;0;0;0;0;0;-57,88301242;-6,932244528;0;0;0;0;0;0;0;0;6,94;1715;0;0;1;;Óxidos de Hierro;Bicarbonatada;0;0,908293737;-75,38764878;4,475856648
98;1168;4,47598404;-75,38718959;3/25/2011;0;74;Ausente;0;549;0;6,99;1100;450;549;0;0;0;184;172,8;0;20;13;0;322;28;0;0;0;128,8;276;15,14;2,22;0;0;0;0;0;0;0;0;0;0;0;0;0;0;0;0;0;0;0;0;6,99;1100;270;0;1;;Óxidos de Hierro;Bicarbonatada;0;0;-75,38718959;4,475984042
99;1169;4,47424268;-75,39027627;3/25/2011;0,8;74;Leve;0;756,4;0;7,34;2165;620;756,4;0;1520;1554;205,3;193,9067661;2,105477457;28;12,7;0;386;42,3;-999;-999;-999;151;323,5714286;0;3,4;0,124;-999;-999;0;0;0;0;0;0;0;0;0;0;0;0;0;0;0;0;0;7,34;2165;0;0;1;;Óxidos de Hierro;Bicarbonatada;0;0,894643629;-75,39027627;4,474242678
100;1170;4,47373374;-75,39175268;3/25/2011;1;81,5;Ausente;0;695,4;0;6,75;2149;570;695,4;0;1456;1460;216,8;201,9;1,06278841;22;16,07;0;378;34,2;-999;-999;-999;92,3;197,7857143;0;3,2;0,101;-999;-999;0;0;0;0;0;0;0;-72,08142012;-11,13801916;0;0;0;0;0;0;0;0;6,75;2149;0;0;1;;;Bicarbonatada;0;0,880993521;-75,39175268;4,473733744
101;1171;4,47373374;-75,39175268;3/25/2011;0,06;84,5;Ausente;0;658,8;0;6,98;2067;540;658,8;0;1478;1484;227,1;179,7;1,079605975;22;9,98;0;385;36;-999;-999;-999;92,5;198,2142857;0;3,4;0,092;0,314;-999;0;0;0;0;0;0;0;-59,13502196;-7,600281661;0;0;0;0;0;0;0;0;6,98;2067;0;0;1;;Carbonatos;Bicarbonatada;0;0,764967603;-75,39175268;4,473733744
102;1172;4,47190865;-75,40115381;3/26/2011;0,5;57;Ausente;0;915;0;7,32;2073;750;915;0;1434;1486;144,4;171,2;1,769126151;82;31,1;0;300;32,1;0,05;0,061;-999;118;252,8571429;0;3,2;0,187;0,262;-999;0;0;0;0;0;0;0;-60,31460444;-7,332625948;0;0;0;0;0;0;0;0;7,32;2073;0;0;1;;Carbonatos;Bicarbonatada;0;0,303771058;-75,40115381;4,471908651
103;1176;4,84707799;-75,53378143;7/22/2011;1,5;76;Ausente;0;329,4;0;6,36;3120;270;329,4;0;1290;2264;671;27,8;0,73;40,5;10,5;-999;450;65;0,7;0,4;-999;88,1;188,7857143;0;4,7;0,45;2;0;0;0;0;0;0;0;0;-44,57685619;-5,21997083;0;0;0;0;0;0;0;0;6,36;3120;0;0;1;;Óxidos de Hierro;Clorurada;0;1,604705308;-75,53378143;4,847077987
104;1173;4,50660743;-75,4058737;3/26/2011;0,25;42;Ausente;0;2025,2;0;6,38;2970;1660;2025,2;0;1190;1278;93,1875;5,180478229;4,375848769;485;60,9;0;87,5;8,1;9,71;0,871;-999;80,7;172,9285714;0;1,2;0,152;-999;0,104;0;0;0;0;0;0;0;-57,88301242;-6,932244528;0;0;0;0;0;0;0;0;6,38;2970;0;0;1;;Óxidos de Hierro;Bicarbonatada;0;-999;-75,4058737;4,506607432
105;1174;3,28962784;-75,02755956;3/15/2011;0,75;43,5;Leve;0;366;0;7,51;1157;300;366;0;664;664;166,69;51,3;0,221910146;44,2;6,56;0;174;9,52;-999;0,0975;-999;18,1;38,78571429;0;-999;4,07;0,417;-999;0;0;0;0;0;0;0;-52,11958171;-8,421872349;0;0;0;0;0;0;0;0;7,51;1157;0;0;1;;;Bicarbonatada;0;-999;-75,02755956;3,28962784
106;1175;4,84086469;-75,52662144;7/22/2011;3,5;50;Ausente;0;213,5;0;5,89;1164;175;213,5;0;674;684;277;19,08;20,92;21,6;20,1;-999;178;20,2;0,8;0,2;-999;44,7;95,78571429;0;1,56;0,3;0,9;0;0;0;0;0;0;0;0;-86,28460405;-11,913823;0;0;0;0;0;0;0;0;5,89;1164;0;0;1;;;Clorurada;0;0,160470531;-75,52662144;4,840864695
107;1177;4,84823481;-75,53392811;7/22/2011;0,5;81;Ausente;0;323,3;0;6,34;3330;265;323,3;0;1826;1906;801;41,8;-999;42;11;-999;490;70,5;0,3;0,4;-999;95,8;205,2857143;0;5,4;0,56;0,5;0;0;0;0;0;0;0;0;-44,13668612;-5,101326135;0;0;0;0;0;0;0;0;6,34;3330;0;0;1;;;Clorurada;0;1,07217615;-75,53392811;4,848234809
108;1178;4,85347614;-75,53483157;7/23/2011;3;64;Ausente;0;561,2;0;6,18;2416;460;561,2;0;1092;1814;544;24,84;-999;41,5;33;-999;470;51;0,8;0,3;-999;116;248,5714286;0;3,2;0,31;0,5;0;0;0;0;0;0;0;0;-46,50792488;-6,227983624;0;0;0;0;0;0;0;0;6,18;2416;0;0;1;;Óxidos de Hierro;Clorurada;0;0,116326666;-75,53483157;4,853476144
109;1179;4,85009785;-75,5335716;7/23/2011;1;70,5;Ausente;0;353,8;0;6,48;3280;290;353,8;0;1804;1870;766;42,45;1,4;41,5;10;-999;490;66;0,6;0,4;-999;92;197,1428571;0;4,95;0,64;0,5;0;0;0;0;0;0;0;0;-44,37920563;-3,489813559;0;0;0;0;0;0;0;0;6,48;3280;0;0;1;;;Clorurada;0;4,078163111;-75,53357161;4,850097848
110;1180;4,84928399;-75,53368702;7/23/2011;0,5;80,5;Ausente;0;341,6;0;6,29;3190;280;341,6;0;1720;1818;780;39,05;-999;43,5;10,5;0,349;475;68;0,9;0,4;-999;97,2;208,2857143;0;4,9;0,55;0,5;0;0;0;0;0;0;0;0;-44,45076877;-3,667313495;0;0;0;0;0;0;0;0;6,29;3190;0;0;1;;;Clorurada;0;1,037141337;-75,53368702;4,849283986
111;911;4,84142348;-75,54836006;8/6/2011;2;63;Ausente;0;793;0;6,27;2298;650;793;0;1364;0;419;12,57;-999;68;59;0,205;1364;317;0,7;0,1;-999;137;293,5714286;0;2,15;0,27;0,5;0;0;0;0;0;0;0;0;-88,99566995;-12,20469613;0;0;0;0;0;0;0;0;6,27;2298;0;0;1;;;Bicarbonatada;0;0;-75,54836006;4,84142348
112;1181;4,67703387;-75,30672855;3/30/2011;1;38,7;Ausente;0;317,2;0;6,13;1264;260;317,2;0;1054;1112;5,25;517,1263374;0,205092581;118;64,5;0;82,7;7,63;12,95;1,17;-999;90,8;194,5714286;0;-999;0,705;-999;-999;0;0;0;0;0;0;0;-94,46041276;-12,86844379;0;0;0;0;0;0;0;0;6,13;1264;0;0;1;;Óxidos de Hierro;Sulfatada;0;-999;-75,30672855;4,677033867
113;912;4,875287;-75,27044157;2/12/1991;0;33;;0;0;0;0;0;0;0;0;0;0;0;0;0;396;78;0;90;16,2;4,6;2,8;70;42;90;0;0,09;0;0;0;0;0;0;0;0;0;-999;0;0;0;0;0;0;0;0;0;0;2,71;0;0;0;1;;;;0;0;-75,27044157;4,875287002
114;1182;4,68343608;-75,31120016;3/30/2011;2;41,5;Ausente;0;390,4;0;6,01;1647;320;390,4;0;1302;1362;6,5625;559,632049;0,238727711;85,7;88,2;0;123,4;18,26;7,46;1,12;-999;66,3;142,0714286;0;-999;0,917;0,218;-999;0;0;0;0;0;0;0;-101,0798985;-14,10205222;0;0;0;0;0;0;0;0;6,01;1647;0;0;1;;Óxidos de Hierro;Sulfatada;0;-999;-75,31120016;4,683436078
115;1190;5,85172448;-77,28540956;4/3/2013;1,5;45;;0;805;0;6,12;8830;659,8360656;805;0;5327;0;2671,25309;178,4635359;3,179946715;308,3729167;91,47875;1,15075;1462;41,03583333;-999;0,482;-999;67,08388889;143,7511905;42,99;2,573;-999;0;-999;0;0;0;0;0;0;0;-36,22531772;-5,023926008;0;0;0;0;0;0;0;0;6,12;8830;0;0;1;;;Clorurada;0;4,864413729;-77,28540956;5,851724479
116;1191;5,59654468;-77,44744344;4/4/2013;1,5;36,8;;29;124;0,18;8,4;1008;149,9726776;124;29;584;0;227,1255118;0,514661417;-999;5,382229167;0,189875;-999;178;1,177;-999;0,9715;-999;16,55333333;35,47142857;3,21375;0,092;2,929569186;0;-999;0;0;0;0;0;0;0;-46,30559819;-7,206322854;0;0;0;0;0;0;0;0;8,4;1008;0;0;1;;;Clorurada;0;-999;-77,44744344;5,596544678
117;1192;4,90244923;-75,30461336;4/15/2011;0,2;23;Ausente;0;0;0;3,37;4380;0;0;0;6168;0;15,75;4845,05323;1,550497803;320;200;0;50;15,2;339;15,2;62,5;64,5;138,2142857;0;-999;0,149;-999;1,63;0;0;0;0;0;0;0;-106,5618894;-14,87185682;0;0;0;0;0;0;0;0;3,37;4380;0;0;1;;;Sulfatada;0;-999;-75,30461336;4,902449225
118;1193;4,84652938;-75,27020634;5/21/2011;0;22,5;Ausente;0;646,6;0;6,26;2038;530;646,6;0;0;1824;27,50431755;489,2636309;1,193601761;183;124;0,5;130,5;26;2,9;0,2;-999;94;201,4285714;0;-999;0,51;1,217;0;0;0;0;0;0;0;0;-106,7126263;-15,22835143;0;0;0;0;0;0;0;0;6,26;2038;0;0;1;;Óxidos de Hierro;Bicarbonatada-Sulfatada;0;-999;-75,27020634;4,846529383
119;1194;4,84557144;-75,26997029;5/21/2011;0;21,5;Ausente;0;402,6;0;6,41;1194;330;402,6;0;0;940;11,55792893;298,8397871;1,57323519;82,5;73,9;-999;74,4;16,4;4,5;0,3;-999;57;122,1428571;0;-999;0,66;0,686;0;0;0;0;0;0;0;0;-105,3550639;-15,1579695;0;0;0;0;0;0;0;0;6,41;1194;0;0;1;"Nacimiento en ""Tembladero""";Óxidos de Hierro;Bicarbonatada;0;-999;-75,26997029;4,845571441
120;1195;4,84207078;-75,28604366;5/21/2011;1,5;19,5;Fuerte;0;0;0;3,89;2156;0;0;0;0;2024;108,7429416;1281,244985;-999;327,5;76;0,5;82;10,5;0,6;2;10,8;57;122,1428571;0;-999;2,06;0,615;0;0;0;0;0;0;0;0;-108,141206;-15,76437833;0;0;0;0;0;0;0;0;3,89;2156;0;0;1;Varios nacimientos;Pátina Blanca;Sulfatada;0;-999;-75,28604366;4,842070778
121;1196;4,84577897;-75,27020501;7/26/2011;0,2;28;Ausente;0;549;0;6,28;1568;450;549;0;0;1334;19,9;560;0,94;117,7;93,4;-999;121,6;22,2;3,5;-999;-999;75,2;161,1428571;0;0,2;1,08;0,08;0;0;0;0;0;0;0;0;-67,62529696;-9,95454807;0;0;0;0;0;0;0;0;6,28;1568;0;0;1;;Óxidos de Hierro;Sulfatada;0;-999;-75,27020501;4,845778969
122;1197;4,85920749;-75,25870963;7/26/2011;2,5;22;Fuerte;0;268,4;0;5,43;2242;220;268,4;0;0;1952;50,2;916;-999;298;60;-999;151;8,5;0,2;-999;1;27,4;58,71428571;0;-999;1,82;2;0;0;0;0;0;0;0;0;-68,38920501;-9,896627038;0;0;0;0;0;0;0;0;5,43;2242;0;0;1;;Pátina Blanca;Sulfatada;0;-999;-75,25870963;4,859207491
123;1198;4,85990514;-75,25276194;7/26/2011;2;21;Fuerte;0;298,9;0;5,45;2229;245;298,9;0;0;1926;48,8;1143;-999;310;62,5;-999;142;8,5;0,1;-999;-999;37,1;79,5;0;-999;1,4;2;0;0;0;0;0;0;0;0;-68,32786518;-9,326758823;0;0;0;0;0;0;0;0;5,45;2229;0;0;1;;Pátina Blanca;Sulfatada;0;-999;-75,25276194;4,859905141
124;1199;4,79758422;-75,16083045;4/18/2011;0,3;36,5;Ausente;0;915;0;9,14;1311;750;915;0;0;500;6,5625;80,25639995;-999;153,8;62,9;0;50,2;8,84;14,475;1,84;-999;69,5;148,9285714;0;-999;0,193;-999;-999;0;0;0;0;0;0;0;-106,7126263;-15,22835143;0;0;0;0;0;0;0;0;9,14;239,8;0;0;1;;;Bicarbonatada;0;-999;-75,16083045;4,797584224
125;1208;2,53666088;-76,24633895;7/14/2012;4;48,1;;0;342;0;6,36;514;280,3278689;342;0;0;0;1,6;0,1;-999;19,9;20,1;0,1;53;17,9;0,4;0,2;-999;107;229,2857143;-999;-999;0,3;0;-999;0;0;0;0;0;0;0;-71,75;-10,81;0;0;0;0;0;0;0;0;6,36;514;0;0;1;;;Bicarbonatada;0;-999;-76,24633895;2,536660876
126;1210;2,4766916;-76,37705621;8/22/2012;0;47,5;;0;2371,68;0;6,43;7190;1944;2371,68;0;0;0;1596,642994;665,4480858;-999;124;28;6,5;1600;103,5;-999;0,1;-999;57,9;124,0714286;31,7;5,5;0,483914256;0;-999;0;0;0;0;0;0;0;-77,35880709;-9,723852086;0;0;0;0;0;0;0;0;6,43;7190;0;0;1;En el fondo del cauce hay depositación de óxidos de hierro. Hay materia orgánica en descomposición sobrenadando;Óxidos de Hierro;Clorurada-Bicarbonatada;0;-999;-76,37705621;2,476691595
127;1211;2,47669141;-76,37668758;8/22/2012;0,5;53,7;;0;2381,44;0,395;6,55;7220;1952;2381,44;0;0;0;1250;770;-999;116,5;28;6,5;1605;103,5;0,8;0,2;-999;57,3;122,7857143;29,2;5,5;0,576236491;0;-999;0;0;0;0;0;0;0;-75,92233496;-9,637047843;0;0;0;0;0;0;0;0;6,55;7220;0;0;1;Se observa burbujeo abundante. En el lecho hay fuerte oxidación de hierro;;Bicarbonatada-Clorurada;0;-999;-76,37668758;2,476691405
128;1214;2,47383429;-76,32661924;8/23/2012;0,54;25,2;;0;195,2;0,66;7,12;174;160;195,2;0;0;0;0;1,520232596;0,834759593;9,5;8,5;-999;16,5;3;-999;0,1;-999;44,8;96;-999;-999;0,37103142;0;-999;0;0;0;0;0;0;0;-78,14901593;-11,07950129;0;0;0;0;0;0;0;0;7,12;174;0;0;1;Agua potable. Se observan desechos antrópicos (empaques y botellas plásticos);;Bicarbonatada;0;0,471015147;-76,32661924;2,473834289
129;1303;4,70795805;-74,08765927;4/29/2002;0;36;Ausente;0;143;0;7,3;285;117,21;143;0;0;0;8,82;-999;7,42;14,9;2,83;0,107;32,8;4,18;1,49;0,47;-999;9,6;20,6;-999;-999;0,339;0,7;0;-999;-999;0;-999;-999;-999;-999;-64,8;-9,03;0;0;0;0;0;0;0;0;6,446;285;0,103;0;1;;;Bicarbonatada;0;2,53;-74,08765927;4,707958049
130;1015;4,84560764;-75,28933509;10/28/1994;0;29,3;Leve;0;0;17,12;3,9;0;0;0;0;0;0;186,5;1782;0;518;120;0;118;16,5;0,1;2,9;21;29;62,14285714;0;0,1;0;0;-999;0;0;0;0;0;0;0,05;0;0;0;0;0;0;0;0;0;0;3,9;0;0;0;1;;Pátina Blanca;Sulfatada;0;0;-75,28933509;4,845607642
131;1273;2,77299213;-76,04034748;7/13/2012;0;38,5;;0;58,6;0;7,24;1347;78,040984;58,6;0;0;0;347;74,9;-999;51,3;1,3;1,3;235;6,7;-999;0,1;-999;30,6;65,571429;0,5;0,5;1,8;0;-999;0;0;0;0;0;0;0;-64,7;-9,36;0;0;0;0;0;0;0;0;7,24;1347;0;0;1;;;Clorurada;0;-999;-76,04034748;2,772992126
132;916;4,61706663;-75,33655618;7/31/1982;0;0;;0;0;0;0;0;0;0;0;0;0;0;0;0;0;0;0;0;0;0;0;0;0;0;0;0;0;0;0;0;0;0;0;0;0;0;0;0;0;0;0;0;0;0;0;0;0;0;0;0;1;Nombre en informe: El Rancho;;;0;0;-75,33655618;4,617066631
133;989;6,46061759;-72,43249788;3/4/2010;1,2;28,9;Ausente;0;444,1;0;7,24;1398;364,0163934;444,1;0;758;0;271,6;0,6;1,61;24,13;7,24;1,13;290;16,64;0,4;0,13;-999;13,5;28,92857143;0,21;0,76;0,51;0;-999;0;0;0;0;0;0;0;0;0;0;0;0;0;0;0;0;0;7,24;1398;0;0;1;;;Clorurada;0;0,01;-72,43249788;6,460617593
134;1012;4,84798202;-75,53377436;7/8/2011;0;0;;0;285,48;0;6,3;3550;234;285,48;0;1802;1862;814,6328585;37,36781712;-999;49,195;16,654;0,755;492,85;58,06;0,914;-999;-999;36,5745;78,24382785;0,2;4,545;1,346191557;133;0;0;0;0;0;0;0;0;0;0;0;0;0;0;0;0;0;0;6,3;3550;0;0;1;;;;0;-999;-75,53377436;4,847982017
135;1013;4,90316994;-75,3344444;5/31/1995;0;62;Leve;0;0;0;2,73;0;0;0;0;0;0;58,6;962;0;316;52,4;0;38,8;17,8;1,4;0,8;11,6;94;201,4285714;0;-999;0;0;-999;0;0;0;0;0;0;-999;0;0;0;0;0;0;0;0;0;0;2,73;0;0;0;1;;Pátina Blanca;Sulfatada Cálcica;0;0;-75,3344444;4,903169935
136;1014;4,94484235;-75,28911706;5/28/2011;1;58;Leve;0;0;0;1,25;21620;0;0;0;9364;0;1244,560963;10106,94556;-999;138;124;2;255;182;114;5,1;576;73;156,4285714;0;-999;17,84;1,095;0;0;0;0;0;0;0;0;-99,61475628;-12,71233888;0;0;0;0;0;0;0;0;1,25;21620;0;0;1;;Pátina Blanca;Sulfatada;0;-999;-75,28911706;4,944842352
137;1274;2,77131143;-76,04165278;7/13/2012;0;37,4;;0;40,3;0;6,73;1140;33,032787;40,3;0;0;0;305;49;0,7;40,9;1,3;1;180;4,4;-999;0,1;-999;26;55,714286;0,3;0,5;1,5;0;-999;0;0;0;0;0;0;0;-62,32;-9,06;0;0;0;0;0;0;0;0;6,73;1140;0;0;1;;;Clorurada;0;-999;-76,04165278;2,77131143
138;1276;2,77157477;-76,04295643;7/13/2012;1;32,4;;0;84,6;0;7,31;724;69,311475;84,6;0;0;0;164;30,4;0,6;38,3;2,9;1,4;99,7;4,1;-999;0,1;-999;33,5;71,785714;0,2;0,4;0,8;0;-999;0;0;0;0;0;0;0;-62,67;-9,08;0;0;0;0;0;0;0;0;7,31;724;0;0;1;;;Clorurada;0;0,6;-76,04295643;2,771574773
139;1183;4,89038486;-75,39593503;7/28/2011;1,5;46;Fuerte;0;512,4;0;5,94;1196;420;512,4;0;972;982;5,5;279;-999;111;41;-999;105,7;16,9;0,1;-999;-999;99,1;212,3571429;0;2,7;0,53;-999;0;0;0;0;0;0;0;0;-95,77919468;-14,73603669;0;0;0;0;0;0;0;0;5,94;1196;0;0;1;;Azufre Coloidal;Bicarbonatada;0;-999;-75,39593503;4,89038486
140;979;5,75633266;-73,11037936;3/13/2012;0;69,4;;0;2905;0;6,8;43100;2381,147541;2905;0;38676;39012;5339;18864;75,6;123;20;5,5;14320;1530;0,4;1,8;-999;22;47,14285714;5,9;21;20,2;0;0;0;0;0;0;0;0;0;-70,88;-7,687336612;0;0;0;0;0;0;0;0;6,84;43100;0;0;1;;;Sulfatada;0;-999;-73,11037936;5,756332662
141;980;5,72833633;-73,11348662;3/22/2009;0,5;49,5;Leve;0;3050;0;7,1;53100;2500;3050;0;0;0;0;0;0;0;0;0;0;0;0;0;0;0;0;0;0;0;0;0;0;0;0;0;0;0;0;0;0;0;0;0;0;0;0;0;0;7,1;53100;0;0;1;;Sulfatos;;0;0;-73,11348662;5,728336327
142;981;4,81898205;-73,67645721;4/3/2000;0;57,9;Ausente;0;472,5;0;7;0;387;472,5;0;0;0;195;0;0;22,84;1,5;0;240;10;0;0;0;35,9;77;0,1;0,2;0;0;0;0;0;0;0;0;0;0;0;0;0;0;0;0;0;0;0;0;7;0;0;0;1;;Óxidos de Hierro;Bicarbonatada;0;0;-73,67645721;4,818982045
143;1184;4,9134677;-75,41298066;7/30/2011;0,1;27;Ausente;0;732;0;6,1;1328;600;732;0;972;1038;21;203;0,4;104,2;74;-999;69,6;16,5;4,1;-999;-999;85,6;183,4285714;0;0,9;0,71;-999;0;0;0;0;0;0;0;0;-111,9945038;-15,19114174;0;0;0;0;0;0;0;0;6,1;1328;0;0;1;;Óxidos de Hierro;Bicarbonatada;0;-999;-75,41298066;4,913467701
144;1185;4,86034024;-75,37868788;3/14/1996;0,3;52,4;Ausente;0;376,98;0;6,45;0;309;376,98;0;0;0;0;338,1;0;30;36,4;0;126;40,2;2;0,2;0,1;80;171,4285714;0;0,2;0;0;-999;0;0;0;0;0;0;1,14;0;0;0;0;0;0;0;0;0;0;6,45;0;0;0;1;;Óxidos de Hierro;;0;0;-75,37868788;4,86034024
145;1186;7,90699988;-72,65690827;8/11/2010;0,8;53,8;Ausente;0;48,8;0;5,59;272,2;40;48,8;0;0;114;32;24,42578155;-999;16,404;5,944;0,16;31,86;7,932;0,368;0,363;0;9,98;21,38571429;0,212297947;0,24;-999;0;0;0;0;0;0;0;0;0;0;0;0;0;0;0;0;0;0;0;5,59;272,2;0;0;1;Balance iónico 14,6 con CE 272 uS/cm;;Clorurada;0;-999;-72,65690827;7,906999875
146;1187;7,87713362;-72,4752348;8/11/2010;1;45,7;Ausente;0;73,2;0;5,92;111,4;60;73,2;0;0;136;4,936614869;-999;-999;7,468;3,8732;0,12;8,008;6,124;0,859;0,305;0;13,33;28,56428571;-999;0,04;0,813642516;0;0;0;0;0;0;0;0;0;0;0;0;0;0;0;0;0;0;0;5,92;111,4;0;0;1;;;Bicarbonatada;0;1,560351467;-72,4752348;7,877133617
147;1188;7,65274654;-72,61553554;8/12/2010;1;50,7;Leve;0;305;0;7,04;654;250;305;0;0;572;85,68139741;26,46089764;-999;31,952;6,812;0,44;106,48;7,488;0,039;0,191;0;20,37;43,65;1,275632442;0,16;1,148832739;0;0;0;0;0;0;0;0;0;0;0;0;0;0;0;0;0;0;0;7,04;654;0;0;1;;Azufre Coloidal;Bicarbonatada;0;-999;-72,61553554;7,652746538
148;1189;7,63117193;-72,62700608;8/12/2010;0,8;45;Ausente;0;305;0;6,59;489;250;305;0;0;424;32,9449379;21,7959292;-999;43,68;3,6812;0,64;63,32;9,848;0,24;0,203;0,0108;22,06;47,27142857;0,677591928;0,2;1,20486063;0;0;0;0;0;0;0;0;0;0;0;0;0;0;0;0;0;0;0;6,59;489;0;0;1;;;Bicarbonatada;0;-999;-72,62700608;7,631171932
149;1110;5,5042889;-75,03019643;4/28/2011;0,5;33;Ausente;0;854;0;6,22;3200;700;854;0;2270;2448;918,8;2,906846488;1,600950499;158,5;58,5;0;470,5;123,45;4,65;0,466;-999;78,3;167,7857143;0;5,4;0,073;0;-999;0;0;0;0;0;0;0;-50,71955438;-8,026712547;0;0;0;0;0;0;0;0;6,22;3200;0;0;1;Posible asociación a volcán El Escondido, recientemente identificado.;Óxidos de Hierro;Clorurada;0;-999;-75,03019643;5,504288902
150;1111;5,50470477;-75,03022417;4/28/2011;0,2;39;Ausente;0;1732,4;0;6,26;7770;1420;1732,4;0;4658;4854;1955,625;5,322580213;0,406903364;301;90,3;0;1071;240,5;9,67;0,674;-999;79,8;171;0;13,8;0,0705;0;-999;0;0;0;0;0;0;0;-47,3268116;-6,622033482;0;0;0;0;0;0;0;0;6,26;7770;0;0;1;Posible asociación a volcán El Escondido, recientemente identificado.;Óxidos de Hierro;Clorurada;0;-999;-75,03022417;5,504704774
151;1112;5,50445614;-75,03300295;2/20/2015;1,5;37,9;;0;1933,98975;0,54111;6,48;12550;0;1933,98975;0;4920;5100;2349,12;2,0646;0,593;344,8;113,68;3,42;1278,4;270;0,746;0,7285;-999;74,395;159,413606;4,2;7,822;0,2452;0;-999;0;0;0;0;0;0;0;-47,2847394;-6,91716778;0;0;0;0;0;0;0;0;6,48;12550;0;0;1;;;;0;-999;-75,03300295;5,504456142
152;1224;2,35185189;-76,41013862;7/10/2012;0;47;;0;0;11,655;1,73;8860;0;0;0;0;0;942,4267365;3606,252674;-999;206;284;1;284,5;72,5;56,6;12,1;142;70,9;151,9285714;2;-999;9,171328588;0;0,9;0;0;0;0;0;0;0;-81,20863347;-11,53911545;0;0;0;0;0;0;0;0;1,73;8860;0;0;1;Punto tambien conocido como el basurero. El termal aflora en un drenaje y  descarga en el rio Vinagre;Azufre;Sulfatada;0;67,12049149;-76,41013862;2,351851892
153;1230;2,307599;-76,50412133;8/14/2012;0;23,8;;0;272,06;0;6,81;339;223;272,06;0;0;0;13,9;14,6;2,06;16,2;11,6;0,2;53,2;14,4;-999;-999;-999;50,1;107,3571429;0,681;-999;0,336076764;0;0,1;0;0;0;0;0;0;0;-75,91165872;-11,37137721;0;0;0;0;0;0;0;0;6,81;339;0;0;1;Materia orgánica sobrenadante;;Bicarbonatada;0;0,651475637;-76,50412133;2,307598996
154;1234;2,30570094;-76,50671117;8/14/2012;2,5;30,3;;0;414,8;0;6,93;606;340;414,8;0;0;0;30,96488613;31,22955478;1,661448591;24,2;18;0,45;84,4;20,5;-999;0,1;-999;56;120;0,704;0,2;0,380768226;0;0,1;0;0;0;0;0;0;0;-75,29386323;-10,67831273;0;0;0;0;0;0;0;0;6,93;606;0;0;1;Hay peces y algas. No se observa burgujeo.;;Bicarbonatada;0;0,296028337;-76,50671117;2,305700938
155;1213;2,51180604;-76,3963242;8/23/2012;0;24,1;;0;4294,4;0,132;6,53;11860;3520;4294,4;0;0;0;2960;578;10,38887267;322;118;11;2640;120;0,3;0,4;-999;54,9;117,6428571;72,8;9;0,358417786;0;-999;0;0;0;0;0;0;0;-69,29711069;-7,656342746;0;0;0;0;0;0;0;0;6,53;11860;0;0;1;Presenta alta oxidación de hierro y materia orgánica. Hay desechos antrópicos (empaques y botellas plásticos). Flujo moderado de gases.;;Clorurada;0;-999;-76,3963242;2,511806039
156;1225;2,38524802;-76,43054028;7/10/2012;20;25,4;;0;0;0,538;2,24;3760;0;0;0;0;0;402,6592556;1222,316782;1,474839841;71,5;103,6;0,2;97,8;23,3;19,1;4,9;44,8;57;122,1428571;0,7;0,1;6,082098895;0;0,4;0;0;0;0;0;0;0;-74,74386838;-10,62427053;0;0;0;0;0;0;0;0;2,24;3760;0;0;1;Cerca al punto a 50m,  en dirección NE  se evidenció un afloramiento de agua termal con características similares.;;Sulfatada;0;-999;-76,43054028;2,385248015
157;1226;2,39582909;-76,43218974;8/17/2012;2,16;23,2;;0;0;0;2,46;0;0;0;0;0;0;171,1359047;644,1521321;2,342701067;46,6;60,7;0,4;65,4;12,7;3,4;3;97,4;49,4;105,8571429;0,4;0,2;5,373793082;0;0,2;0;0;0;0;0;0;0;-77,49591358;-10,81685111;0;0;0;0;0;0;0;0;2,46;2498;0;0;1;;;Sulfatada;0;-999;-76,43218974;2,395829093
158;1209;2,47666448;-76,3770742;8/22/2012;0,2;46,3;;0;2344,84;0,39;6,43;6870;1922;2344,84;0;0;0;1558,943777;648,3563278;-999;124;30;6,5;1570;100;0,1;0,2;-999;60,5;129,6428571;30;4,5;0,577248097;0;-999;0;0;0;0;0;0;0;-76,80987485;-9,869578657;0;0;0;0;0;0;0;0;6,43;6870;0;0;1;Se obervan óxidos de hierro;Óxidos de Hierro;Clorurada-Bicarbonatada;0;-999;-76,37707421;2,476664476
159;1212;2,47650137;-76,37643594;8/22/2012;0,66;52,9;;0;2389,98;0,527;6,56;7140;1959;2389,98;0;0;0;1340;707,4229931;-999;120;28;9;1605;102;0,4;0,2;-999;54,3;116,3571429;31,1;4,5;0,57075376;0;-999;0;0;0;0;0;0;0;-75,51250036;-9,626374297;0;0;0;0;0;0;0;0;6,56;7140;0;0;1;Hay óxidos de hierro en el lecho del manantial. Se observa flujo moderado de gases;Óxidos de Hierro;Bicarbonatada-Clorurada;0;-999;-76,37643594;2,476501375
160;1237;2,30405625;-76,48667318;9/3/1997;0,5;66;;0;0;0;5,4;0;0;0;0;0;0;0;0;0;29;5,6;0;442;92;0,8;0,8;0,4;95;203,5714286;0;1,6;0;0;0,1;0;0;0;0;0;0;0,2;0;0;0;0;0;0;0;0;0;0;5,4;3640;0;0;1;;;;0;0;-76,48667318;2,304056251
161;1229;2,34054541;-76,31346585;8/15/2012;0;34,3;Fuerte;0;0;18,58;4,7;1791;0;0;0;0;0;14,99573781;1182,50722;1,021010771;288;67,6;0,8;67,6;8,9;-999;2,1;-999;49,3;105,6428571;-999;-999;0,465073745;0;-999;0;0;0;0;0;0;0;-82,85646168;-12,29066012;0;0;0;0;0;0;0;0;4,7;1791;0;0;1;Fuerte olor a azufre. Burbujeo abundante, color del sustrato amarillo azufre y óxido de hierro.;;Sulfatada;0;0,30846814;-76,31346586;2,340545406
162;1239;2,31701484;-76,26134716;8/15/2012;0;34,8;;0;1127,28;0;6,61;2028;924;1127,28;0;0;0;158;159;-999;61,7;43,3;2;338;25,5;3,3;0,3;-999;67,9;145,5;3,204;1;0,478317741;0;0,1;0;0;0;0;0;0;0;-70,25047933;-9,640504103;0;0;0;0;0;0;0;0;6,61;2028;0;0;1;;Óxidos de Hierro;Bicarbonatada;0;-999;-76,26134716;2,31701484
163;1361;5,57950853;-75,09744114;2/20/2015;0,05;37,9;;0;2735;14,340588;6,48;12550;2241,8;2735;0;6122;6578;2941;1,6931;-999;620;179;6,9;1400;210;-999;0,3475;-999;82,6;176,99;6,8;9,969;0,362;0;-999;0;-999;0;0;0;0;0;-44,29055573;-6,387673603;0;0;0;0;0;0;0;0;6,48;12550;0;0;1;;;Clorurada;0;-999;-75,09744114;5,579508526
164;1381;5,70893643;-73,13727658;11/3/2015;0,3;17,9;H2S;0;0;0;3,6;135,5;0;0;0;79;1608;5,9;33,7;-999;1,2;0,5;-999;2,8;0,7;3,4;-999;-999;3,2;7;-999;-999;-999;0;-999;0;-999;0;0;0;0;0;-63,68;-7,08;0;0;0;0;0;0;0;0;3,6;135,5;0;0;1;;;Sulfatada;0;1,7;-73,13727658;5,708936433
165;982;7,43180069;-72,55419438;8/13/2010;3;42,2;Ausente;0;97,6;0;6,69;227,9;80;97,6;0;0;202;6,328950411;5,286707362;-999;24,752;3,1352;0,32;15,02;6,6;0,093;0,196;0,0079;16,39;35,12142857;-999;0,08;0,915937161;0;0;0;0;0;0;0;0;0;0;0;0;0;0;0;0;0;0;0;6,69;227,9;0;0;1;;;Bicarbonatada;0;-999;-72,55419438;7,43180069
166;1095;6,78293366;-72,84200188;8/15/2010;1;31;Ausente;0;878,4;0;6,51;2687;720;878,4;0;0;2218;513,6557894;195,9925859;-999;218,56;20,204;1,2;360,2;58,52;0,42;0,078;0;5,836;12,50571429;1,777599103;1,6;-999;0;0;0;0;0;0;0;0;0;0;0;0;0;0;0;0;0;0;0;6,51;2687;0;0;1;Termal bajo derrumbe;;Clorurada-Bicarbonatada;0;-999;-72,84200188;6,782933659
167;983;7,23465448;-72,45109365;8/12/2010;1;35,1;Ausente;0;0;0;3,72;239,7;0;0;0;0;160;6,781026458;133,6968305;-999;0,4548;0,9052;0,08;9,584;16,84;32,99;0,25;3,496;6,902;14,79;-999;0,04;-999;0;0;0;0;0;0;0;0;0;0;0;0;0;0;0;0;0;0;0;3,72;239,7;0;0;1;;;Sulfatada;0;-999;-72,45109365;7,234654479
168;984;7,03184445;-76,3553348;4/15/2013;4;26,1;Fuerte;0;1415,2;503,22;8,3;15890;1160;1415,2;0;9480;0;5072,47;636;3,05;24;18,44;6,4265;3332;40;-999;0,37;-999;12,62;27,04285714;75,63;1,358;-999;0;-999;0;0;0;0;0;0;0;-28,01;-0,45;0;0;0;0;0;0;0;0;7,97;16290;0;0;1;"Manantial No Termal
balance ionico 10,39";Azufre Coloidal;Clorurada;0;-999;-76,3553348;7,031844446
169;985;7,01381482;-76,35500931;4/15/2013;8,3;28,4;Fuerte;0;1751;522,57;8,3;14820;1435,245902;1751;0;8984;0;4405;725,9;3,65;30,7;23,5;5,763;3122;41,3;-999;-999;-999;39,43;84,49285714;71,065;2,067;-999;0;-999;0;71,065;0;0;0;0;0;-28,53;-1,2;0;0;0;0;0;0;0;0;7,84;15200;0;0;1;"Manantial No Termal
balance ionico 10,26";Azufre Coloidal;Clorurada;0;0,89;-76,35500931;7,013814819
170;1096;6,41405397;-75,15014805;4/13/2013;1,52;31,6;Ausente;28;66;0;9,34;371;100,7650273;66;28;235;0;23,18;26,94;0,6014;-999;-999;-999;69,3025;-999;-999;0,39125;-999;22,48;48,17142857;-999;0,114;4,76;0;0,09;0;0;0;0;0;0;0;-72,06;-10,36;0;0;0;0;0;0;0;0;9,34;371;0;0;1;;;Bicarbonatada;0;-999;-75,15014805;6,414053969
171;986;6,90174927;-76,32957367;4/11/2013;2;29,7;Fuerte;0;1439,6;490,9;8,3;17510;1180;1439,6;0;12444;0;3446,23;2469;-999;23,63;22,73;3,77;4023,25;118,52;-999;-999;-999;57,35;122,8928571;84,2;7,517;-999;0;-999;0;0;0;0;0;0;0;-37,62;-1,84;0;0;0;0;0;0;0;0;7,39;17920;0;0;1;;Azufre Coloidal;Clorurada;0;-999;-76,32957367;6,901749266
172;987;7,02182347;-75,95077524;4/9/2013;1,5;35,1;Ausente;62,126;0;0,18;9,65;302;104;0;62,126;240;0;5,51;12,09;-999;-999;-999;-999;55,155;-999;-999;3,05;-999;17,28;37,02857143;-999;-999;4,4;0;-999;0;0;0;0;0;0;0;-90,2;-12,56;0;0;0;0;0;0;0;0;9,65;325;0;0;1;Alcalinidad calculada a pártir de CO3 = 53 y OH = 5,17mg/L;;Bicarbonatada;0;-999;-75,95077524;7,02182347
173;1097;6,60617344;-72,71584702;8/17/2010;1,8;34,9;Leve;0;414,8;0;6,39;1283;340;414,8;0;0;844;216,1488265;41,13734911;-999;20,596;17,164;0,8;202,56;52,64;0,112;0,112;0;9,523;20,40642857;1,240364972;1,2;-999;0;0;0;0;0;0;0;0;0;0;0;0;0;0;0;0;0;0;0;6,39;1283;0;0;1;;;Bicarbonatada-Clorurada;0;8,88455596;-72,71584702;6,606173442
174;1098;5,68756635;-74,96685318;2/17/2015;0,25;43,6;;0;1527,65655;0,182682;6,46;9612;0;1527,65655;0;2490;2556;834,94;8,1565;10,6283;253,8;29,76;1,366;611;69,36;-999;0,3915;-999;46,145;98,879506;7,5;3,258;0,3948;0;-999;0;0;0;0;0;0;0;-56,51044316;-7,587629017;0;0;0;0;0;0;0;0;6,46;9612;0;0;1;;Carbonatos;Bicarbonatada;0;-999;-74,96685318;5,687566354
175;1099;5,68779205;-74,96707919;2/17/2015;0,5;36,3;;0;1512,02835;0,361896;6,18;5468;0;1512,02835;0;2446;2522;821,61;8,2794;8,6252;249,2;30,44;1,354;610;65,7;-999;0,4065;-999;45,33;97,133124;7,2;3,208;0,3704;0;-999;0;0;0;0;0;0;0;-50,24789398;-7,272274685;0;0;0;0;0;0;0;0;6,18;5468;0;0;1;;;Bicarbonatada;0;-999;-74,96707919;5,687792046
176;1100;5,7567289;-73,1095736;5/2/2001;1;52,7;Leve;0;2580;0;6,8;0;2114,754098;2580;0;0;0;5253;19750;0;77;18;4,6;12250;1500;0,4;1,7;0;29;62,14285714;4,8;18;14,8;0;0;0;0;0;0;0;0;0;0;0;0;0;0;0;0;0;0;0;6,8;42900;0;0;1;;;Sulfatada;0;0;-73,1095736;5,756728904
177;1101;5,75674747;-73,10986244;3/13/2009;1;53,4;Leve;0;2562;0;7,06;42700;2100;2562;0;39310;39310;7985;14020;1,4;82;1,6;-999;11205;1320;-999;1,66;-999;27,2;58,28571429;4,98;22;15,54;0;0;0;0;0;0;0;0;0;0;0;0;0;0;0;0;0;0;0;7;39700;0;0;1;;;Sulfatada;0;-999;-73,10986244;5,756747471
178;1102;5,72631371;-73,11543748;6/23/2001;1;75,5;Moderado;0;1420;0;7,4;22000;1163,934426;1420;0;0;0;2378;8250;0;100;22,5;2,4;5500;725;-999;0,2;0;36;77,14285714;2,4;10,6;18,7;0;0;0;0;0;0;0;0;0;0;0;0;0;0;0;0;0;0;0;7,4;22000;0;0;1;;;Sulfatada;0;0;-73,11543748;5,72631371
179;1103;5,69524093;-73,1119233;6/19/2001;6;0;;0;0;0;0;0;0;0;0;0;0;0;0;0;0;0;0;0;0;0;0;0;0;0;0;0;0;0;0;0;0;0;0;0;0;0;-73,4;-10,19;0;0;0;0;0;0;0;0;0;0;0;0;1;;;;0;0;-73,1119233;5,695240929
180;1104;5,75637089;-73,11101589;5/2/2001;0;62,2;Leve;0;2640;0;7;0;2163,934426;2640;0;0;0;5333;20937;0;100;17;4,6;13000;1500;0,4;1,8;0;30;64;4,9;20;15,3;0;0;0;0;0;0;0;0;0;0;0;0;0;0;0;0;0;0;0;7;44100;0;0;1;;;Sulfatada;0;0;-73,1110159;5,756370888
181;1105;5,75659306;-73,10874072;5/4/2001;0;30,2;Leve;0;1402;0;6,3;27600;1149,180328;1402;0;0;0;3009;13062;0;100;20;1,6;6883;810;-999;2,9;0;10;21,42857143;2,1;10;1,4;0;0;0;0;0;0;0;0;0;0;0;0;0;0;0;0;0;0;0;6,3;27600;0;0;1;;;Sulfatada;0;0;-73,10874072;5,756593057
182;1106;5,71020029;-73,11329607;6/22/2001;0;0;Ausente;0;0;0;0;0;0;0;0;0;0;0;0;0;0;0;0;0;0;0;0;0;0;0;0;0;0;0;0;0;0;0;0;0;0;0;-62,9;-14,52;0;0;0;0;0;0;0;0;0;0;0;0;1;;;;0;0;-73,11329607;5,71020029
183;1232;2,30795173;-76,50426503;8/14/2012;0;37,2;;0;430,66;0;6,86;1001;353;430,66;0;0;0;93,9;109,1211526;1,332845902;23;16,05;0,45;173;29,2;0,1;-999;-999;67,3;144,2142857;2,22;0,45;0,407523037;0;0,1;0;0;0;0;0;0;0;-76,25431439;-11,05595777;0;0;0;0;0;0;0;0;6,86;1001;0;0;1;Peces de 4 a 5 cms. De longitud y algas;;Bicarbonatada;0;0,303649743;-76,50426503;2,307951734
184;1233;2,3070843;-76,50609034;8/14/2012;0,14;30,9;;0;1594,54;0;7,1;7690;1307;1594,54;0;0;0;1140;1088;-999;76;16;2;1795;65;0,3;0,4;-999;75,9;162,6428571;30,6;4,5;1,145149582;0;0,1;0;0;0;0;0;0;0;-80,07784409;-9,154858301;0;0;0;0;0;0;0;0;7,1;7690;0;0;1;Presenta burbujeo leve;;Clorurada-Bicarbonatada;0;-999;-76,50609034;2,3070843
185;1235;2,30587302;-76,50740334;8/14/2012;0;33;;0;501,42;0;6,63;1316;411;501,42;0;0;0;163,5;150;1,512633836;28;17,4;0,6;228;25,4;-999;0,1;-999;57,3;122,7857143;3,306;0,4;0,465010053;0;0,1;0;0;0;0;0;0;0;-76,14009584;-10,36933042;0;0;0;0;0;0;0;0;6,63;1316;0;0;1;;;Bicarbonatada;0;-999;-76,50740334;2,305873025
186;1070;5,5799023;-75,12859641;2/21/2015;0,25;36,3;Ausente;0;1058,81055;8,6;6,18;5468;867,878;1058,81055;0;2784;2836;786,73;471,1;2,0014;170,7;46,44;5,953;624,4;86,44;0,7305;0,2135;-999;31,925;68,40889;3,6;3,126;0,4745;0;-999;0;3,9;0;0;0;0;0;-52,59404857;-8,519469067;0;0;0;0;0;0;0;0;6,18;5468;0;0;1;;Óxidos de Hierro;Clorurada-Bicarbonatada;0;-999;-75,12859641;5,579902302
187;1201;5,09117645;-73,63967316;8/31/2003;0;58,3;Moderado;0;133;0;7,43;234;109,0163934;133;0;220;0;2,91;2,53;-999;33,9;3,33;0,113;6,68;2,85;-999;0,059;0,0073;0;34,2;-999;0,025;0,306;-999;0;-999;-999;0;-999;-999;-999;-999;-71,4;-10,385;0;0;0;0;0;0;0;0;7,23;234;0,236;0;1;;;Bicarbonatada;0;-999;-73,63967316;5,091176451
188;1071;5,58073267;-75,12855539;2/21/2015;0,1;44,4;Ausente;0;1750,3584;14,7;6,25;10130;1434,72;1750,3584;0;4672;4752;1374,39;829,76;5,282;343,8;91,74;10,21;989,8;98,12;0,6595;-999;-999;41,55;89,03334;5,6;5,254;0,8243;0;-999;0;6;0;0;0;0;0;-52,44532557;-7,519248613;0;0;0;0;0;0;0;0;6,25;10130;0;0;1;;Óxidos de Hierro;Clorurada-Bicarbonatada;0;-999;-75,12855539;5,580732668
189;1072;5,58075361;-75,12874667;5/16/2011;0,1;36,5;Ausente;0;1085,8;0;6,16;4960;890;1085,8;0;3200;3200;853,7041429;507,9801521;-999;187;51;11;803;91;1,8;0;-999;30;64,28571429;0;3,3;0,44;1,216;0;0;0;0;0;0;0;0;-52,25420268;-7,712941342;0;0;0;0;0;0;0;0;6,16;4960;0;0;0;;Óxidos de Hierro;Clorurada-Bicarbonatada;0;-999;-75,12874667;5,580753609
190;1073;5,58107303;-75,12870474;5/16/2011;0,1;33,4;Ausente;0;866,2;0;5,12;3870;710;866,2;0;2540;2540;671,9541556;382,2189477;-999;177,5;42;7,5;0;70;2,9;0;-999;27;57,85714286;0;2,9;0,39;0,856;0;0;0;0;0;0;0;0;-53,60439078;-8,244067168;0;0;0;0;0;0;0;0;5,12;3870;0;0;0;Balance insatisfactorio. Se elimina Na por desproporcion frente a la conductividad y los manantiales de ID 188-I-C-07 y 08;Óxidos de Hierro;Clorurada-Bicarbonatada;0;-999;-75,12870474;5,581073033
191;1074;5,61178531;-72,98970967;5/3/2001;0;53,2;Fuerte;0;603;0;6,7;2910;494,2622951;603;0;0;0;639;6,3;0;70;8,5;5,6;445;55;-999;0,8;0;26;56;0,53;1,3;1,8;0;0;0;0;0;0;0;0;0;0;0;0;0;0;0;0;0;0;0;6,7;2910;0;0;1;;Azufre Coloidal;Clorurada;0;0;-72,98970967;5,611785311
192;1236;2,30336878;-76,48618799;8/16/2012;0;69,5;Leve;0;0;0;3,36;0;0;0;0;0;0;433,5861033;753,8871229;-999;24;8;0;460;77,9;1,8;0,6;1,3;109,2;234;8,325;1,8;1,287922223;0;-999;0;0;0;0;0;0;0;-78,84904331;-10,88564415;0;0;0;0;0;0;0;0;3,36;2799;0;0;1;;;Sulfatada;0;0,322929031;-76,48618799;2,30336878
193;1238;2,28701894;-76,4641514;7/12/2012;0;88,3;Fuerte;0;0;0,42;2,54;0;0;0;0;0;0;2,120174395;590,1499261;1,656627983;11,75;4,7;-999;13,7;3,45;43;0,2;27;129,3;277,0714286;0,3;-999;-999;0;0,1;0;0;0;0;0;0;0;-72,71730684;-9,12635776;0;0;0;0;0;0;0;0;2,54;1260;0;0;1;;Azufre;Sulfatada;0;3,160335079;-76,4641514;2,287018937
194;1240;2,06435898;-76,18653778;9/21/2012;0,0625;35,4;Leve;26,4;28;4,25;9,79;246,8;66,95081967;28;26,4;0;0;12,62075587;24,87618754;-999;1,5;0,2;-999;50,4;0,6;0,1;-999;-999;19,9;42,64285714;-999;-999;1,70584908;0;-999;0;0;0;0;0;0;0;-60,08;-9,37;0;0;0;0;0;0;0;0;9,79;246,8;0;0;1;;;Bicarbonatada;0;-999;-76,18653778;2,064358976
195;1241;2,06440419;-76,18654675;9/21/2012;0;30,4;Leve;15,6;50;3,92;9,52;300;66,98360656;50;15,6;0;0;34,96198352;6,723219765;0,22905493;3;0,4;0,1;60,6;0,8;-999;-999;-999;16,8;36;0,3;-999;8,356779173;0;-999;0;0;0;0;0;0;0;-57,13;-8,86;0;0;0;0;0;0;0;0;9,52;300;0;0;1;;;Bicarbonatada;0;-999;-76,18654675;2,064404194
196;1242;2,28138289;-75,9904913;6/3/2013;2;41,3;Ausente;10,8;36,6;0;8,54;698;48;36,6;10,8;0;0;154,544048;35,11059174;-999;10,49;0,30845;0,0639;109,55;12,105;-999;0;-999;39,59;84,83571429;-999;0,1509;1,654988068;0;-999;0;0;0;0;0;0;0;-55,28176647;-9,280022082;0;0;0;0;0;0;0;0;8,54;698;0;0;1;;;Clorurada;0;-999;-75,9904913;2,281382889
197;1255;0,9819456;-77,69409564;10/24/2011;1,5;31;Ausente;0;1146,8;0;6,31;3280;940;1146,8;0;1858;0;607,6520516;11,94789052;-999;60;117;1;489,5;37;1,6;0,2;-999;67,2;144;8,4;-999;-999;-999;-999;0;0;0;0;0;0;0;-86,72317821;-12,24669256;0;0;0;0;0;0;0;0;6,31;3280;0;0;1;;;Bicarbonatada;0;-999;-77,69409564;0,981945597
198;1244;2,10134821;-75,80805012;5/28/2013;27;32,2;Ausente;0;0;0;4,3;69,3;0;0;0;0;0;0,839160496;22,91033127;-999;2,3;0,97745;-999;2,966;1,9675;1,7;0;-999;9,006;19,29857143;-999;-999;0,439566806;0;0,17;0;0;0;0;0;0;0;-51,97573636;-9,201857755;0;0;0;0;0;0;0;0;4,57;69,3;0;0;1;;;Sulfatada;0;0,239229044;-75,80805012;2,10134821
199;1245;2,0114459;-76,14386608;9/22/2012;0;26,4;Ausente;0;153;3,98;7,21;2462;125,4098361;153;0;0;0;693,3835946;14,36214911;-999;205;5,35;5,75;248,5;6;0,1;-999;-999;22,6;48,42857143;0,9;0,65;2,492583322;0;-999;0;0;0;0;0;0;0;-55,39;-8,45;0;0;0;0;0;0;0;0;7,21;2462;0;0;1;;;Clorurada;0;-999;-76,14386608;2,011445898
200;1246;1,97467656;-75,93254744;9/23/2012;0;27,3;Ausente;0;506;0,8;7,27;1329;414,7540984;506;0;0;0;183,0016509;1,433056461;-999;56;22,85;0,45;191;4;0,1;-999;-999;6,7;14,35714286;0,2;-999;0,401310624;0;-999;0;0;0;0;0;0;0;-55,64;-8,38;0;0;0;0;0;0;0;0;7,27;1329;0;0;1;Este manantial, es llamado Manantial Termal de Altamira encontrado en el informe de RODRIGUEZ, G 2013.;;Bicarbonatada;0;-999;-75,93254744;1,974676564
201;1247;1,57188517;-76,93067893;10/21/2011;5;42;Ausente;0;573,4;0;6,11;2483;470;573,4;0;1473;0;511,1600808;235,587284;-999;64;17;1;414,5;31;15,5;0,6;-999;76,5;163,9285714;4,8;1;0,87940729;-999;0,1;0;0;0;0;0;0;0;-70,27068117;-9,963594897;0;0;0;0;0;0;0;0;6,11;2483;0;0;1;;Óxidos de Hierro;Clorurada;0;-999;-76,93067894;1,571885171
202;1248;1,57228307;-76,9303554;10/21/2011;6;62;Ausente;0;1964,2;0;6,7;6370;1610;1964,2;0;3360;0;1332,125827;199,5279331;-999;158;32,2;3,7;1168;79,2;0,2;0,2;-999;105,5;226,0714286;14,8;2,4;0,162756293;-999;-999;0;0;0;0;0;0;0;-68,12786547;-9,164403259;0;0;0;0;0;0;0;0;6,7;6370;0;0;1;Salida a presión;;Clorurada;0;-999;-76,9303554;1,572283074
203;1249;1,56132152;-76,91879038;10/21/2011;0,3;55;Ausente;0;1171,2;0;6,51;5170;960;1171,2;0;3125;0;1276,879499;151,9821838;-999;108;20;4;951;50;2,5;0,3;-999;35;75;12,6;-999;0,721468556;0,71;-999;0;0;0;0;0;0;0;-66,90421586;-8,9012335;0;0;0;0;0;0;0;0;6,51;5170;0;0;1;Nace en el cauce de rio;Óxidos de Hierro;Clorurada;0;-999;-76,91879038;1,561321518
204;1250;1,45890484;-76,9845742;10/22/2011;50;24;Ausente;0;107,36;0;6,31;545;88;107,36;0;417;0;36,86717218;155,0258129;1,49594115;33,3;18,7;0,4;51,2;5,1;0,1;-999;-999;33,9;72,64285714;0,28;0,4;0,895091635;-999;-999;0;0;0;0;0;0;0;-70,71826153;-10,79834144;0;0;0;0;0;0;0;0;6,31;545;0;0;1;;;Sulfatada;0;0,485566949;-76,9845742;1,458904845
205;1251;1,08852307;-77,71834849;7/24/2012;0,5;60,7;Moderado;0;0;2;2,61;1738;0;0;0;727;0;27,1;199;1,6;44;14;0,25;78;12;2;0,5;4,4;82,8;177,4285714;0,4;0,25;0,367316847;0;0,1;0;0;0;0;0;0;0;-77,95105528;-10,71085038;0;0;0;0;0;0;0;0;2,61;1738;0;0;1;;;Sulfatada;0;-999;-77,71834849;1,088523072
206;1252;1,08880307;-77,71983095;7/24/2012;0,4;61,2;Moderado;0;0;24,5;2,5;1300;0;0;0;827;0;14,29828624;732,0564244;-999;33,5;8;-999;58;21,5;2,5;0,4;6,8;102,3;219,2142857;0,5;-999;0,337662364;0;0,1;0;0;0;0;0;0;0;-74,7270605;-10,25756037;0;0;0;0;0;0;0;0;2,5;1300;0;0;1;;;Sulfatada;0;-999;-77,71983095;1,088803068
207;1253;1,0913265;-77,72189108;8/1/1987;0;51;;0;384,3;0;5,69;0;315;384,3;0;0;0;16,6615;147,84;0;57,4;27,96;0;102,35;17,16;-888;0;0;94,08;201,6;0,3996;0,31;0;0;0;0;0;0;0;0;0;0;0;0;0;0;0;0;0;0;0;0;5,69;989;0;0;1;;;Bicarbonatada;0;0;-77,72189108;1,0913265
208;1254;0,99789384;-77,66868297;10/24/2011;2;22;Ausente;0;156,16;0;7,05;201,5;128;156,16;0;197;0;0,574624765;1,635174854;-999;12,3;11,1;-999;17,2;3,1;-999;-999;-999;47,3;101,3571429;-999;-999;0,266735091;-999;-999;0;0;0;0;0;0;0;-81,73138307;-11,8406535;0;0;0;0;0;0;0;0;7,05;201,5;0;0;1;Nacimiento en zona de juncos;;Bicarbonatada;0;0,618136354;-77,66868297;0,99789384
209;1264;1,17855057;-76,98020436;6/26/2013;13,09;39,8;Ausente;0;372,1;0;7,5;741;305;372,1;0;478;0;60,43239076;-999;-999;15,50333333;10,3;0,1277;104,2;15,0615;0,2005;-999;-999;40,525;86,83928571;1,6;0,0793;1,263232597;0;-999;0;0;0;0;0;0;0;-69,12460602;-10,63788773;0;0;0;0;0;0;0;0;7,5;819;0;0;1;No se evindecian estructuras Geologicas;;Bicarbonatada;0;-999;-76,98020436;1,178550571
210;1256;1,2519059;-77,3301717;10/15/2011;2,5;28;Fuerte;0;0;0;2,65;3320;0;0;0;2441;0;254;1729;-999;118;96;1,5;119;21;5,8;4,8;16;89,4;191,5714286;1,22;-999;0,82938825;-999;0,2;0;0;0;0;0;0;0;-83,08586777;-11,82218153;0;0;0;0;0;0;0;0;2,65;3320;0;0;1;;Pátina Blanca;Sulfatada;0;-999;-77,3301717;1,251905895
211;1257;1,27023898;-77,31506946;10/15/2011;1;42;Ausente;0;927,2;0;6,08;3220;760;927,2;0;2132;0;376,9227924;658,0971505;0,371642068;117;161;1,5;332,5;52,5;2,7;0,2;-999;94,8;203,1428571;2,9;-999;0,179524007;-999;-999;0;0;0;0;0;0;0;-80,19682104;-11,55407184;0;0;0;0;0;0;0;0;6,08;3220;0;0;1;;;Bicarbonatada-Sulfatada;0;-999;-77,31506946;1,27023898
212;1258;1,20793619;-77,40104107;10/19/2011;100;22,1;Ausente;0;54,9;0;6,46;2400;45;54,9;0;2130;0;123,5637045;1355,059725;0,95512901;318,5;119;1;102,5;10;0,2;4,7;-999;38;81,42857143;0,6;-999;1,228360001;-999;0,1;0;0;0;0;0;0;0;-79,13394953;-12,75581265;0;0;0;0;0;0;0;0;6,46;2400;0;0;1;;Pátina Blanca;Sulfatada;0;-999;-77,40104108;1,207936185
213;1259;1,20762929;-77,39671923;10/19/2011;100;22,5;Ausente;0;46,36;0;7,35;2325;38;46,36;0;2144;0;162,0757742;1341,014642;1,116552741;349,5;130;1,5;105;10;-999;5,6;-999;46;98,57142857;0,59;-999;1,146487534;-999;0,1;0;0;0;0;0;0;0;-81,63107738;-13,02027636;0;0;0;0;0;0;0;0;7,35;2325;0;0;1;;Pátina Blanca;Sulfatada;0;-999;-77,39671923;1,207629289
214;1260;1,2266605;-77,28795657;10/20/2011;2;35,9;Ausente;0;2037,4;0;6,46;2709;1670;2037,4;0;1624;0;48,35593688;2,127109619;-999;175;184;2;202;26,5;8,4;0,8;-999;87,1;186,6428571;3,2;-999;0,203036041;0,2;-999;0;0;0;0;0;0;0;-83,13881852;-11,71293236;0;0;0;0;0;0;0;0;6,46;2709;0;0;1;;Óxidos de Hierro;Bicarbonatada;0;1,495230497;-77,28795657;1,226660497
215;1261;1,23047671;-77,29001454;9/11/2012;0,5;25,2;Ausente;0;2287,988;11;6,55;2527;1875,4;2287,988;0;1550;0;27,12218037;12,85114165;3,580902243;188;178;1,75;179;32;-999;0,5;-999;59,5;127,5;3,1;0,5;-999;0;-999;0;0;0;0;0;0;0;-82,14410741;-12,04458019;0;0;0;0;0;0;0;0;6,55;2527;0;0;1;Anillado en cemento;;Bicarbonatada;0;-999;-77,29001454;1,230476715
216;1262;1,23168868;-77,28878368;9/11/2012;0,3;24,6;Ausente;0;2077,172;11;6,34;2258;1702,6;2077,172;0;1355;0;24,6605111;0,842592405;1,102578752;184;157;1,75;155;23;1;0,5;-999;56;120;2,3;-999;-999;0;-999;0;0;0;0;0;0;0;-82,19277745;-12,17481184;0;0;0;0;0;0;0;0;6,34;2258;0;0;1;Anillado en cemento;;Bicarbonatada;0;-999;-77,28878368;1,231688681
217;1263;1,23185145;-77,28893644;9/11/2012;1;30,5;Ausente;0;2129,876;11;6,28;2349;1745,8;2129,876;0;1406;0;33,5;0,19777157;-999;167;158;1,5;153;22;0,5;0,6;-999;69,2;148,2857143;2,4;-999;-999;0;-999;0;0;0;0;0;0;0;-80,85117705;-11,97399532;0;0;0;0;0;0;0;0;6,28;2349;0;0;1;Anillado en cemento;;Bicarbonatada;0;-999;-77,28893644;1,231851452
218;1001;6,74407359;-72,70357037;8/16/2010;1;32,6;Ausente;0;158,6;0;6,46;287,1;130;158,6;0;0;268;21,55860173;3,608311107;-999;13,276;10,176;0,4;12,536;16,224;7,566;0,251;0;16,22;34,75714286;-999;0;-999;0;0;0;0;0;0;0;0;0;0;0;0;0;0;0;0;0;0;0;6,46;287,1;0;0;1;;No;Bicarbonatada-Sódica;0;-999;-72,70357037;6,744073594
219;1002;5,7571991;-73,10946616;5/2/2001;0;53,7;Ausente;0;2700;0;7;44500;3294;2700;0;0;0;5351;20187;0;90;18;4,8;13525;1500;0,3;1,8;0;30;64,28571429;5,2;18;15,2;0;0;0;0;0;0;0;0;0;-67,1;-6,94;0;0;0;0;0;0;0;0;7;44500;0;0;1;;No;Sulfatada;0;0;-73,10946616;5,757199098
220;1265;1,19232083;-76,88897832;6/27/2013;5,11;25,2;Ausente;30,888;0;0;9,6;175,4;51,48;0;30,888;160;0;2,281818083;17,25033852;-999;2,4;0,3;-999;27,2;1,5;-999;-999;-999;36,44;78,08571429;0,3;-999;0,610650006;0;-999;0;0;0;0;0;0;0;-65,78555946;-10,2660267;0;0;0;0;0;0;0;0;9,71;212,5;0;0;1;Carbonatos como sumatoria de CO3 + OH / El manantial brota desde una fractura con un AZ. De rumbo de 65°;;Sulfatada;0;-999;-76,88897832;1,192320828
221;1003;5,65562516;-74,961477;2/18/2015;0,5;43,1;;0;1234,6278;0,361896;6,5;1360;1011,99;1234,6278;0;1346;1396;357,34;1,1033;2,938;200;24,4;0,966;264,6;16,978;1,317;0,7135;-999;46,88;100,454464;3,1;0,703;0,2932;0;-999;0;0;0;0;0;0;0;-52,55763971;-8,121800641;0;0;0;0;0;0;0;0;6,5;1360;0;0;1;;;Bicarbonatada;0;-999;-74,961477;5,655625155
222;1004;5,50435769;-75,03096486;8/10/2011;1;42;Ausente;0;1927,6;0;6,25;9190;2351,672;1927,6;0;4844;0;2478;2,93;-999;320;102;-999;1440;271;-999;-999;-999;136;291,4285714;0;9,8;0,16;9;0;0;0;0;0;0;0;0;-48,0642701;-5,21612975;0;0;0;0;0;0;0;0;6,25;9190;0;0;1;;Óxidos de Hierro;Clorurada;0;-999;-75,03096486;5,504357687
223;1005;5,57932644;-75,12896226;2/21/2015;0,9;43,6;Ausente;0;937,692;0;6,46;9612;768,6;937,692;0;4882;6578;1450,26;885,49;2,9114;345,8;86,18;10,9;1005,6;138,26;0,436;0,435;-999;42,92;91,968976;5,1;5,467;0,621;0;-999;0;8,2;0;0;0;0;0;-49,32015737;-7,198262953;0;0;0;0;0;0;0;0;6,46;9612;0;0;1;;Óxidos de Hierro;Clorurada;0;-999;-75,12896226;5,579326438
224;1021;4,7439367;-75,13221065;7/1/1982;0;40;Ausente;0;97,6;0;9,32;210;119,072;97,6;48;0;0;12,053;0;0;0,5;0,0492;0;55,2;0,585;0;0;0;23,8;51;0;0,16;0;0;0;0;0;0;0;0;0;0;0;0;0;0;0;0;0;0;0;0;9,32;210;0;0;1;;No;;0;0;-75,13221065;4,7439367
225;1266;0,87714897;-77,99700569;9/10/2012;0,3;32,9;Leve;0;1652,002;31,1;6,58;3110;1354,1;1652,002;0;2015;0;287,3127241;310,3082856;0,79943739;182;99,2;2;430;31,8;-999;0,4;-999;47,6;102;21,1;1,5;-999;0;-999;0;0;0;0;0;0;0;-66,74808947;-8,397795896;0;0;0;0;0;0;0;0;6,58;3110;0;0;1;;;Bicarbonatada;0;-999;-77,99700569;0,877148972
226;1267;0,80706398;-77,86066989;10/26/2011;1;36;Ausente;0;695,4;0;6,26;1371;570;695,4;0;999;0;70,46133842;195,7030974;-999;85;63,5;1;115,5;23;3,5;0,3;-999;77,1;165,2142857;2,2;-999;0,390946201;-999;-999;0;0;0;0;0;0;0;-89,5664743;-12,42484886;0;0;0;0;0;0;0;0;6,26;1371;0;0;1;;Óxidos de Hierro;Bicarbonatada;0;-999;-77,86066989;0,807063983
227;1268;0,80719979;-77,85990635;4/24/1996;5,8;41;;0;0;0;7;0;0;0;0;0;0;0;0;0;96;70;0;116;29;2,4;0,4;0,2;66;141,4285714;0;0,2;0;0;0,2;0;0;0;0;0;0;0,02;0;0;0;0;0;0;0;0;0;0;7;1500;0;0;1;;;;0;0;-77,85990635;0,807199786
228;1269;0,84111117;-77,9366213;9/9/2012;0,5;20,4;Fuerte;0;229,604;97,5;5,31;1838;188,2;229,604;0;1679;0;3,44011286;1042,780209;-999;362;43,6;0,8;30,8;5,9;-999;1,7;-999;28,7;61,5;0,3;-999;-999;0;-999;0;0;0;0;0;0;0;-89,75505192;-12,55412879;0;0;0;0;0;0;0;0;5,31;1838;0;0;1;;Azufre;Sulfatada;0;-999;-77,9366213;0,841111165
229;1270;0,89571242;-77,81516086;10/26/2011;1;31;Ausente;0;927,2;0;6,37;2450;760;927,2;0;1639;0;276,341918;460,1484205;-999;149;99;1;305;13,5;2,5;0,3;-999;66,3;142,0714286;2,5;-999;0,854372809;0,2;-999;0;0;0;0;0;0;0;-87,88879987;-12,37683677;0;0;0;0;0;0;0;0;6,37;2450;0;0;1;;;Bicarbonatada-Sulfatada;0;-999;-77,81516086;0,895712417
230;1271;0,89151794;-77,80844027;10/26/2011;1;26,9;Ausente;0;829,6;0;6,26;3100;680;829,6;0;2351;0;407,0117468;823,6492726;-999;223,5;187,5;1,5;289;16,5;9,4;1,4;-999;59,7;127,9285714;2,4;-999;1,083845103;0,36;-999;0;0;0;0;0;0;0;-88,1464261;-12,43357834;0;0;0;0;0;0;0;0;6,26;3100;0;0;1;;Óxidos de Hierro;Sulfatada-Bicarbonatada;0;-999;-77,80844027;0,89151794
231;1272;0,80872199;-77,58618829;10/27/2011;1;25;Ausente;0;214,72;0;7,17;302;176;214,72;0;254;0;0,896403057;-999;0,454171428;16,4;14,4;0,2;31,3;3,7;0,7;-999;-999;50,1;107,3571429;-999;-999;0,315115355;-999;-999;0;0;0;0;0;0;0;-84,73158524;-10,75053605;0;0;0;0;0;0;0;0;7,17;302;0;0;1;;;Bicarbonatada;0;0,622746217;-77,58618829;0,808721986
232;1281;4,20701618;-73,71554452;4/26/2014;0;34,2;;0;114,45125;6,56;7,2;1510;93,8125;114,45125;0;1024;0;669,0432;14,25633333;-999;56;9,9095;5,767;306;12,625;0,861;0,212;-999;11,375;24,375;0,4;0,373;0,5689;0;-999;0;0;0;0;0;0;0;-43,83;-7,54;0;0;0;0;0;0;0;0;7,2;1510;0;0;1;;;Clorurada;0;-999;-73,71554452;4,20701618
233;1282;5,4695923;-72,47801597;4/25/2014;0;35,4;;0;78,30875;9,45;7,4;399;64,1875;78,30875;0;281;0;114,6583333;-999;2,724666667;16,7;2,4;1,405;82;6,1;0,5525;0,1305;-999;12,93;27,70714286;-999;0,138;3,366166667;0;-999;0;0;0;0;0;0;0;-52,43;-9,26;0;0;0;0;0;0;0;0;7,4;399;0;0;1;;;Clorurada;0;-999;-72,47801597;5,469592296
234;1283;6,12849167;-72,33139167;5/28/2014;0;39,3;;0;192,76;18,29;6,18;278000;158;192,76;0;230168;0;154298;1833,666667;-999;938,65;74,93;25,34;0;426,7;2,491;0,75;-999;7,2705;15,57964286;1,9;5,307;-999;0;-999;0;0;0;0;0;0;0;-79,12;-10,88;0;0;0;0;0;0;0;0;6,18;278000;0;0;1;;;Clorurada;0;-999;-72,33139167;6,128491667
235;1284;6,48658298;-71,88753221;9/16/2014;0;33;;0;25,3;13,1;6,6;33,4;20,73770492;25,3;0;23;0;0,6;1,4;0,5;2,9;0,5;-999;8,8;0,8;-999;0,2;-999;3,2;6,857142857;-999;-999;0,3;0;-999;0;0;0;0;0;0;0;-36,23;-4,28;0;0;0;0;0;0;0;0;6,6;33,4;0;0;1;;;Bicarbonatada;0;-999;-71,88753221;6,486582983
236;1285;3,24970487;-73,95418794;9/16/2014;0;40,3;;0;435,54;8,6;8,46;818,1;357;435,54;0;433;0;16,9;3,7;-999;6;-999;0,1;164;6;-999;-999;-999;11,8;25,28571429;0,2;0,5;2,5;0;-999;0;0;0;0;0;0;0;-52,14;-7,23;0;0;0;0;0;0;0;0;8,46;818,1;0;0;1;;;Bicarbonatada;0;1,8;-73,95418794;3,249704871
237;1286;3,25127867;-73,95627517;9/16/2014;0;35,7;;0;410,65;8;8,28;889,9;336,5983607;410,65;0;397;0;15,2;3,5;-999;3,2;0,5;0,1;144;4;-999;-999;-999;10,8;23,14285714;0,3;-999;2,4;0;-999;0;0;0;0;0;0;0;-53,01;-7,04;0;0;0;0;0;0;0;0;8,28;889,9;0;0;1;;;Bicarbonatada;0;-999;-73,95627517;3,251278673
238;1287;2,18656227;-72,87296531;10/6/2014;0;43,5;;0;199,104;9,588;7,74;363,5;163,2;199,104;0;234;255;2,9;9,9;-999;15;2;0,2;52;3,5;-999;-999;-999;38,5;82,5;-999;-999;4,5;0;-999;0;0;0;0;0;0;0;-43,84;-7,89;0;0;0;0;0;0;0;0;7,74;363,5;0;0;1;;;Bicarbonatada;0;-999;-72,87296531;2,186562267
239;1288;2,18648983;-72,87283055;10/6/2014;0;44,3;;0;186,66;8,568;7,73;360,7;153;186,66;0;239;256;3;9,9;-999;15,5;2;0,2;52;3,5;-999;-999;-999;33,1;70,92857143;-999;-999;4,5;0;-999;0;0;0;0;0;0;0;-42,03;-7,67;0;0;0;0;0;0;0;0;7,73;360,7;0;0;1;;;Bicarbonatada;0;-999;-72,87283055;2,186489826
240;1289;3,16720108;-73,88824251;11/14/2014;0;43,9;;0;34,94;0;6,17;89,09;34,9;42,6;0;62;79;0,6;13,1;-999;-999;2;-999;14;2;0,6;0,1;-999;10,9;23,35714286;-999;-999;0,3;0;-999;0;0;0;0;0;0;0;-46,55;-8,02;0;0;0;0;0;0;0;0;6,17;89,09;0;0;1;;;Bicarbonatada;0;-999;-73,88824251;3,167201083
241;1290;3,16284232;-73,88899903;11/14/2014;0;42,6;;0;28,61;0;6,17;71,92;28,6;34,9;0;44;1592;0,7;9,6;-999;2;-999;-999;14;2;1,5;0,1;-999;12,8;27,42857143;-999;-999;0,3;0;-999;0;0;0;0;0;0;0;-41,27;-7,33;0;0;0;0;0;0;0;0;6,17;71,92;0;0;1;;;Bicarbonatada;0;-999;-73,88899903;3,162842318
242;1291;3,15832968;-73,88900884;11/14/2014;0;45,6;;0;75,3;0;6,8;145,22;75,3;91,9;0;103;108;0,5;7;-999;2;-999;-999;26;4;0,6;0,1;-999;10,5;22,5;-999;-999;0,4;0;-999;0;0;0;0;0;0;0;-42,6;-7,31;0;0;0;0;0;0;0;0;6,8;145,22;0;0;1;;;Bicarbonatada;0;-999;-73,88900884;3,158329678
243;1292;9,69716168;-73,29570572;3/25/2014;0;31,5;;0;497,76;38,5;7,7;1125;408;497,76;0;731;0;126,8266667;53,67133333;-999;103,8;6,692;0,483;171,6;2,6555;-999;-999;-999;7,5185;16,11107143;2,2;0,321;6,518666667;0;-999;0;0;0;0;0;0;0;-47,95;-8,08;0;0;0;0;0;0;0;0;7,7;1125;0;0;1;;;Bicarbonatada;0;-999;-73,29570573;9,697161677
244;1293;4,69519213;-73,05210379;4/24/2014;0;40,8;;0;1,5059375;9,96;4,5;28;1,234375;1,5059375;0;37;0;0,658766667;10,7913;-999;0,6;0,2;-999;6;0,8;-999;0,0515;-999;12,425;26,625;-999;-999;-999;0;-999;0;0;0;0;0;0;0;-46,54;-8,04;0;0;0;0;0;0;0;0;4,5;28;0;0;1;;;Sulfatada;0;-999;-73,05210379;4,695192133
245;1294;10,74152941;-74,97980885;3/26/2014;0;31,1;;0;622,2;3,91;8;1251;510;622,2;0;803;0;169,656;10,12266667;-999;10,171;11,51;0,098;265,35;4,074;-999;-999;-999;14,34;30,72857143;0,5;-999;-999;0;-999;0;0;0;0;0;0;0;-39,03;-6,79;0;0;0;0;0;0;0;0;8;1251;0;0;1;;;Bicarbonatada;0;-999;-74,97980885;10,74152941
246;1295;5,61159213;-72,98991572;1/1/1981;0;47;Leve;0;342;0;6,6;0;280,3278689;342;0;0;0;638;77;0;40;0,05;0;460;55;0;0;0;33,6;72;0,5;1,4;0;0;0;0;0;0;0;0;0;0;0;0;0;0;0;0;0;0;0;0;6,6;0;0;0;1;;Pátina Blanca;Clorurada;0;0;-72,98991572;5,611592133
247;1296;5,58701792;-72,98495276;5/10/1981;1;55;Ausente;0;293;0;7;0;240,1639344;293;0;0;0;39;0;0;10,6;6,36;0;98,9;16,38;0;0;0;47,4;101,5714286;0,2;0,4;0;0;0;0;0;0;0;0;0;0;0;0;0;0;0;0;0;0;0;0;7;0;0;0;1;;No;Bicarbonatada;0;0;-72,98495276;5,587017923
248;1300;4,83364172;-75,18641951;4/13/2011;0,1;48;Ausente;0;183;0;7,09;2673;150;183;0;1508;0;735;75,01735909;0,4;104;2,3;0;396;15,2;-999;0,5;-999;56,3;120,6428571;0;3,3;1,9;-999;-999;0;0;0;0;0;0;0;-85,62740223;-11,34956341;0;0;0;0;0;0;0;0;7,09;2673;0;0;1;;;Clorurada;0;-999;-75,18641951;4,833641718
249;1304;5,66454914;-73,21135143;3/8/2010;2,3;27,4;Ausente;0;89;0;6,97;157,7;72,95082;89;0;98;98;-999;5,2;-999;10,78;1,8;-999;20,64;1,76;0,3;-999;-999;9,4;20,1;-999;0,2;0,1;0;-999;0;0;0;0;0;0;0;0;0;0;0;0;0;0;0;0;0;6,97;157,7;0;0;1;;;Bicarbonatada;0;1,31;-73,21135143;5,664549138
250;1305;4,61916922;-74,07014838;4/29/2002;0;31,1;Ausente;0;61,2;0;7,1;163;50,1639;61,2;0;0;0;15,1;7,16;0,73;10,3;1,32;-999;19;1,77;2,1;0,05;0,032;7,7;16,5;-999;0,032;0,356;-999;0;-999;-999;0;2,3;-999;-999;-999;-68,7;-9,99;0;0;0;0;0;0;0;0;5,978;163;0,034;0;1;;;Bicarbonatada;0;9,3;-74,07014838;4,619169223
251;1322;5,23440278;-72,74380798;4/22/2014;0;44,2;Ausente;0;193;6,7;6,7;911;158;193;0;661;0;249,5;84,1;5,9;30;3,5;2,38;173,4;12,2;-999;-999;-999;14,28;30,6;0,2;0,7;-999;0;-999;0;0;0;0;0;0;0;-47,94;-7,71;0;0;0;0;0;0;0;0;6,7;911;0;0;1;;;Clorurada;0;-999;-72,74380799;5,234402783
252;1275;2,77121229;-76,04203054;7/13/2012;0;42,1;;0;44,8;0;6,66;1272;36,721311;44,8;0;0;0;345;54,8;1,1;50,1;0,9;1,9;210;6,5;-999;-999;-999;30,1;64,5;0,5;0,5;1,6;0;-999;0;0;0;0;0;0;0;-64,31;-9,42;0;0;0;0;0;0;0;0;6,66;1272;0;0;1;;;Clorurada;0;-999;-76,04203054;2,771212293
253;927;1,57195981;-76,91426814;10/21/2011;0,2;39;Ausente;0;439,2;0;5,79;1510;359,8360656;439;0;905;0;256,0345098;31,13168081;-999;35;12,5;1,5;250;17,5;22,1;0,5;-999;70;150;2,7;-999;0,4;0;-999;0;0;0;0;0;0;0;-72,59753792;-10,16041667;0;0;0;0;0;0;0;0;5,79;1510;0;0;1;;;Clorurada;0;-999;-76,91426815;1,571959813
254;928;1,46271666;-76,97165217;10/22/2011;100;26;Ausente;0;107,36;0;6,32;603;88;107,36;0;449;0;31,8145326;114,6812265;0,805549483;31,2;20,2;-999;58,6;5,8;0,1;-999;-999;37,2;79,71428571;0,45;0,4;1;-999;-999;0;0;0;0;0;0;0;-70,12779215;-10,72596182;0;0;0;0;0;0;0;0;6,32;603;0;0;1;;;Sulfatada;0;0,528469104;-76,97165217;1,462716657
255;929;1,09624575;-77,76318339;8/31/1981;3,1;48;;0;1647;0;6,5;5200;1350;1647;0;0;0;1383;264;0;280;300;0;690;85,8;0;0;0;89,6;192;11,9;1,82;0;0;0;0;0;0;0;0;0;0;0;0;0;0;0;0;0;0;0;0;6,5;5200;0;0;1;;;Clorurada;0;0;-77,76318339;1,096245752
256;930;1,0377892;-77,63917218;5/17/2007;0;30,7;;0;0;0;5,9;0;0;2249,1;0;0;0;2123,5;197,6;0;146;339;0;1060;115;0;0;0;0;0;0;0;0;0;0;0;0;0;0;0;0;0;0;0;0;0;0;0;0;0;0;0;5,9;0;0;0;1;;;;0;0;-77,63917218;1,037789205
257;931;1,18428139;-76,97258944;10/17/2011;1,5;54;H2S;0;75,64;0;8,92;1560;62;75,64;0;892;892;352,2531742;277,0010763;-999;9,5;-999;-999;311,5;2;0,1;-999;-999;26,4;56,57142857;2,6;-999;2,9;0;0;0;0;0;0;0;0;0;-74,5253587;-10,99480466;0;0;0;0;0;0;0;0;8,92;1560;0;0;1;;;Clorurada;0;0;-76,97258944;1,184281393
258;932;1,09876471;-76,97273629;10/17/2011;3,5;76;Ausente;0;85,4;0;7,67;3000;70;85,4;0;1748;0;720,2334961;380,5216644;-999;77;-999;2,5;519;25;0,1;-999;-999;49,7;106,5;3,5;-999;0,4;-999;-999;0;0;0;0;0;0;0;-72,43329532;-10,2896199;0;0;0;0;0;0;0;0;7,67;3000;0;0;1;;;Clorurada;0;-999;-76,97273629;1,098764706
259;933;6,4599623;-72,59895015;3/5/2010;0,4;44,3;Moderado;0;266,4;0;6,5;1440;218,3606557;266,4;0;816;820;251,3;92,4;-999;86,8;0,46;2,61;145,76;7,48;0,3;0,46;-999;15,9;34,07142857;0,34;0,56;0,65;0;0;0;0;0;0;0;0;0;0;0;0;0;0;0;0;0;0;0;6,5;1440;0;0;1;;Azufre Coloidal;Clorurada;0;0,02;-72,59895015;6,459962295
260;934;6,48221633;-72,5258356;3/5/2010;0,8;59,5;Ausente;0;26,6;0;6,01;7170;21,80327869;26,6;0;3968;4078;2127;53,1;-999;185,9;33,35;5,93;943,6;19,2;3;1;-999;25,6;54,85714286;0,88;3,6;0,98;0;-999;0;0;0;0;0;0;0;0;0;0;0;0;0;0;0;0;0;6;7170;0;0;1;;Óxidos de Hierro;Clorurada;0;0,07;-72,5258356;6,482216333
261;935;6,1535549;-72,64548399;3/6/2010;0,5;41,5;Moderado;0;406;0;7,05;760;332,7868852;406;0;416;432;7,5;4,2;-999;32,58;10,14;0,5;90,96;2,88;0,4;0,24;-999;16,5;35,35714286;0,3;0,28;0,42;0;-999;0;0;0;0;0;0;0;0;0;0;0;0;0;0;0;0;0;7,05;760;0;0;1;;Azufre Coloidal;Bicarbonatada;0;0,01;-72,645484;6,153554905
262;936;5,83553315;-73,58068548;3/9/2010;0,5;28,6;Ausente;0;266;0;7,06;7000;218,0327869;266;0;4162;4194;1751;492;0,76;182,8;40,88;4,58;1198;35,2;0,6;0,16;-999;8,9;19,07142857;0,39;2,8;3,36;0;-999;0;0;0;0;0;0;0;0;0;0;0;0;0;0;0;0;0;7;7000;0;0;1;;Óxidos de Hierro;Clorurada;0;0,02;-73,58068548;5,835533147
263;937;5,43214019;-74,28811001;5/15/2016;1,2;46,9;;0;355,264;0;6,51;28500;291;355,264;0;17510;0;10100,4;311,81;11,5794;225,2;21,26;17,26;6412;4,646;1,531;0,062;-999;12;25,67;0,3;1,929;-999;0;0,108;0;0;0;0;0;0;0;-48,12;-7,61;0;0;0;0;0;0;0;0;6,51;28500;0;0;1;;;Clorurada;0;-999;-74,28811001;5,432140188
264;938;5,55814846;-73,3698516;3/8/2010;0,6;30,7;Ausente;0;127;0;6,76;173;104,0983607;127;0;108;116;-999;1,4;-999;21,64;2,51;-999;12,84;1,08;1,3;-999;-999;9,5;20,35714286;-999;0,2;0,1;0;-999;0;0;0;0;0;0;0;0;0;0;0;0;0;0;0;0;0;6,8;173;0;0;1;;Óxidos de Hierro;Bicarbonatada;0;0,06;-73,3698516;5,558148462
265;940;5,63935574;-73,22774318;3/11/2010;0,5;27,7;Ausente;0;50,8;0;6,03;102,5;41,63934426;50,8;0;70;74;0,5;8,7;-999;5,58;1,94;-999;11,68;2,76;0,6;-999;-999;11,2;24;-999;0,2;0,02;0;-999;0;0;0;0;0;0;0;0;0;0;0;0;0;0;0;0;0;6,03;102,5;0;0;1;;No;Bicarbonatada;0;2,6;-73,22774318;5,63935574
266;941;5,5948238;-73,05706087;3/25/2010;0,8;23,9;Ausente;0;63,4;0;6,3;103;51,97;63,4;0;52;76;0,4;2,98;-999;6,07;3,48;-999;1,54;1,18;7,5;0,3;-999;8,7;18,64285714;-999;0,2;0,02;0;-999;0;0;0;0;0;0;0;0;0;0;0;0;0;0;0;0;0;6,3;103;0;0;1;;Óxidos de Hierro;Bicarbonatada;0;0,01;-73,05706087;5,594823796
267;950;5,09930299;-73,64614587;5/7/2016;2,5;43,9;;0;69,906;0;6,96;124,2;57;69,906;0;78;0;1,1578;5,4565;0,6626;15,376;1,7668;0,0522;12,166;4,252;0,242;0,2928;-999;10,59;22,66;-999;-999;-999;0;0,004;0;0;0;0;0;0;0;-70,93;-10,41;0;0;0;0;0;0;0;0;6,96;124,2;0;0;1;;;Bicarbonatada;0;-999;-73,64614587;5,099302991
268;942;5,36089216;-73,35361836;3/24/2010;0,3;21,9;Moderado;0;431,4;23,8;7,4;854;353,6065574;431,4;0;530;632;111,7;10,2;-999;43,2;8,17;0;192;3,36;0,3;-999;-999;6,8;14,57142857;0,4;0,24;0,92;0;-999;0;0;0;0;0;0;0;0;0;0;0;0;0;0;0;0;0;7,4;854;0;0;1;;Óxidos de Hierro;Bicarbonatada;0;0,03;-73,35361836;5,360892162
269;943;5,37682417;-73,19538585;3/23/2010;0,8;46,5;Ausente;0;76,1;0;5,9;214;62,37704918;76,1;0;122;154;9;28,7;-999;11,08;4,86;-999;7,64;1,52;13,4;0,76;-999;15,4;33;-999;0,2;0,02;0;-999;0;0;0;0;0;0;0;0;0;0;0;0;0;0;0;0;0;5,9;214;0;0;1;;Óxidos de Hierro;Bicarbonatada;0;0,01;-73,19538585;5,376824172
270;944;5,57025545;-72,58524688;3/10/2010;2;37,1;Ausente;0;76;0;6,45;275,7;62,29508197;76;0;148;148;28,2;18,3;1,17;1,3;3,26;-999;43,48;3,56;4,3;0,13;-999;8,8;18,85714286;0,25;0,24;0,05;0;-999;0;0;0;0;0;0;0;0;0;0;0;0;0;0;0;0;0;6,5;257,7;0;0;1;;Óxidos de Hierro;Bicarbonatada;0;0,24;-72,58524688;5,57025545
271;945;5,18702883;-74,47999285;5/16/2016;0;30,2;;0;363,804;0,9;7,12;2220;298;363,804;0;1735;0;60,255;820,98;-999;356,6;53,84;4,473;61,7;1,11;0,508;0,47;5,058;8,143;17,42;0,2;0,099;0,3322;0;0,096;0;0;0;0;0;0;0;-45,62;-6,91;0;0;0;0;0;0;0;0;7,12;2220;0;0;1;;;Sulfatada;0;-999;-74,47999286;5,187028829
272;946;5,15945656;-73,67947006;7/9/2016;3;25,7;;0;12,322;0;6,25;50,78;10;12,322;0;43;0;1,2117;2,11;2,8434;3;0,5;-999;2,642;0,8622;-999;-999;-999;5,684;12,16;-999;-999;0,1331;0;-999;0;0;0;0;0;0;0;-65,52;-9,65;0;0;0;0;0;0;0;0;6,25;50,78;0;0;1;;;;0;1,2606;-73,67947006;5,159456558
273;947;5,11117872;-73,83972744;7/10/2016;2,5;34,7;;0;101,626;0;6,8;193,7;83;101,626;0;116;0;2,9401;-999;-999;16,818;3,358;-999;14,73;0,6704;0,1512;-999;-999;9,239;19,76;-999;0;0,2472;0;-999;0;0;0;0;0;0;0;-64,38;-9,61;0;0;0;0;0;0;0;0;6,8;193,7;0;0;1;;;Bicarbonatada;0;-999;-73,83972744;5,111178724
274;948;5,06729375;-73,87568181;5/13/2016;0,2;24;;0;19,642;0;5,93;50,1;16;19,642;0;32;0;1,4859;5,8235;0,3797;1,986;1,696;-999;4,092;1,02;0,0724;-999;-999;7,705;16,48;-999;-999;0,1607;0;0,1713;0;0;0;0;0;0;0;-66,85;-10,12;0;0;0;0;0;0;0;0;5,93;50,1;0;0;1;;;Bicarbonatada;0;0,8328;-73,87568181;5,067293751
275;949;5,06556441;-73,87591966;10/1/2002;0,2;33,7;Leve;0;29,2;0;7,06;73;23,93442623;29,2;0;0;0;3,48;3,27;-999;5,44;0,867;-999;6,1;1,09;0,44;0,033;-999;9,053333333;19,4;-999;0,014;0,183;0,3;0;-999;-999;0;-999;-999;-999;-999;-71,7;-10,05;0;0;0;0;0;0;0;0;6,03;73;-999;0;1;Laboratorio Thermochem;Óxidos de Hierro;Bicarbonatada;0;-999;-73,87591966;5,065564408
276;951;5,09122694;-73,64081817;7/7/2016;1,5;53,9;;0;123,342;0;7,95;258,6;101;123,342;0;158;0;1,9289;2,9347;-999;39,14;4,122;0,0898;6,232;1,8524;-999;0,0573;-999;15,64;33,46;-999;-999;0,3299;0;-999;0;0;0;0;0;0;0;-66,77;-9,55;0;0;0;0;0;0;0;0;7,95;258,6;0;0;1;;;;0;-999;-73,64081817;5,091226943
277;952;5,09083442;-73,64087449;7/7/2016;0;50,5;;0;116,022;0;7,28;338,1;95;116,022;0;147;0;1,5292;2,8511;-999;37,1;4,052;0,0716;4,458;1,3956;-999;0,0732;-999;13,55;28,99;-999;-999;0,2796;0;-999;0;0;0;0;0;0;0;-67,9;-9,7;0;0;0;0;0;0;0;0;7,28;338,1;0;0;1;;;;0;-999;-73,64087449;5,09083442
278;965;4,87628054;-73,85771392;5/6/2016;0;37,7;;0;27,938;0;6,73;54,53;23;27,938;0;43;0;1,0058;3,7792;-999;3,612;2,062;-999;2,782;0,5454;0,2663;0,1987;-999;11,07;23,68;-999;-999;0,1899;0;-999;0;0;0;0;0;0;0;-71,26;-10,35;0;0;0;0;0;0;0;0;6,73;54,53;0;0;1;;;;0;-999;-73,85771392;4,876280539
279;953;5,09755527;-73,64515199;5/7/2016;1,5;45,3;;0;47,824;0;6,44;91,92;39,2;47,8;0;53;0;1,1836;3,5502;-999;7,8;1,844;-999;6,486;3,384;2,506;0,5977;-999;10,9;0;-999;-999;0,1682;0;-999;0;0;0;0;0;0;0;0;0;0;0;0;0;0;0;0;0;6,44;91,92;0;0;1;;;Bicarbonatada;0;-999;-73,64515199;5,097555273
280;954;5,19496216;-73,38094971;3/20/2010;1;46,5;Ausente;0;291,8;0;6,64;608;239,1803279;291,8;0;330;348;25,4;-999;-999;28,01;6,28;-999;68,32;6;0,6;-999;-999;30,1;64,5;0,8;0,28;0,24;0;-999;0;0;0;0;0;0;0;0;0;0;0;0;0;0;0;0;0;6,64;608;0;0;1;;Óxidos de Hierro;Bicarbonatada;0;0,01;-73,38094971;5,194962158
281;955;5,20463504;-73,38701818;3/20/2010;3;37,3;Ausente;0;317,2;0;6,73;732;260;317,2;0;398;418;63,5;-999;-999;28,75;5,02;-999;102,4;1,6;0,6;-999;-999;16,8;36;0,36;0,32;0,1;0;-999;0;0;0;0;0;0;0;0;0;0;0;0;0;0;0;0;0;6,7;732;0;0;1;;Óxidos de Hierro;Bicarbonatada;0;-999;-73,38701818;5,204635044
282;956;5,06381393;-73,5298675;9/24/2002;0;32,9;Ausente;0;523;0;7,75;1220;428,6885246;523;0;0;0;134;-999;-999;7,64;2,47;0,172;2,61;2,9;0,108;0,016;0,0097;16,38;35,1;0,665;0,141;1,23;-999;0;-999;0,103;0;-999;-999;-999;-999;-67,1;-9,53;0;0;0;0;0;0;0;0;7,3;1220;-999;0;1;;Óxidos de Hierro;Bicarbonatada;0;-999;-73,52986751;5,063813927
283;957;5,06359492;-73,5289325;5/8/2016;1,5;45,8;;0;372,588;0;6,49;2521;305;372,588;0;1306;0;558;-999;-999;117,26;4,906;5,621;349,2;2,894;0,946;0,112;-999;19,97;42,72;0,8;0,466;0,5334;0;0,133;0;0;0;0;0;0;0;-62,95;-9,53;0;0;0;0;0;0;0;0;6,49;2521;0;0;1;;;;0;-999;-73,5289325;5,063594915
284;958;5,03599456;-73,02768573;3/24/2010;1;45,8;Ausente;0;63,4;0;6,36;536;51,96721311;63,4;0;322;344;134,6;-999;-999;8,96;9,32;0,79;72,16;7,72;0,6;0,12;-999;19,1;40,92857143;-999;0,56;0,26;0;-999;0;0;0;0;0;0;0;0;0;0;0;0;0;0;0;0;0;6,4;536;0;0;1;;Óxidos de Hierro;Clorurada;0;0,02;-73,02768573;5,035994558
285;959;4,92864384;-74,25866621;5/14/2016;0,8;48,9;;0;214,964;0;7,39;396,6;176;214,964;0;225;0;27,6503;-999;-999;29,88;3,288;0,3211;48,42;3,468;-999;-999;-999;12,1;25,89;-999;0,1116;0,5323;0;-999;0;0;0;0;0;0;0;-66,45;-10,02;0;0;0;0;0;0;0;0;7,39;396,6;0;0;1;;;;0;-999;-74,25866621;4,928643835
286;960;4,92337699;-74,10575075;7/9/2016;2,5;35,4;;0;195,566;-999;7,45;2924;160,3;195,566;0;1402;0;873,7941;1,0816;-999;57,18;4,03;0,9379;545,8;6,414;0,0797;0,0679;-999;18,1;38,8;-999;0,2328;0,5128;0;0;0;0;0;0;0;0;0;-63,71;-9,41;0;0;0;0;0;0;0;0;7,45;2924;0;0;1;;;;0;-999;-74,10575075;4,923376988
287;961;4,92324221;-74,10629953;9/25/2002;0;32;Ausente;0;161;0;7,29;2060;131,9672131;161;0;0;0;554;18,1;3,56;47,7;4,25;0,839;364;5,26;0,219;0,077;-999;17,26666667;37;0,122;0,173;0,334;-999;0;1;-999;0;-999;-999;-999;-999;-68,3;-9,74;0;0;0;0;0;0;0;0;6,88;2060;0,233;0;1;;No;Clorurada;0;-999;-74,10629954;4,923242208
288;962;4,92373112;-74,10561087;9/25/2002;0;37,1;Ausente;0;195;0;7,61;2640;159,8360656;195;0;0;0;698;5,34;-999;45,3;3,66;0,892;465;6,4;0,156;0,089;0,088;21,14;45,3;-999;0,088;0,51;-999;0;-999;-999;0;-999;-999;-999;-999;-69;-9,7;0;0;0;0;0;0;0;0;7,8;2640;0,094;0;1;Laboratorio Thermochem;No;Clorurada;0;-999;-74,10561087;4,923731117
289;963;4,92385919;-74,10534131;5/13/2016;0;48,6;;0;232,044;0;7,24;4231;190;232,044;0;1532;0;690;-999;-999;42,64;0,76;1,167;537,8;2,982;0,352;0,065;1,306;24,48;52,37;0,2;0,265;0,5807;0;0,134;0;0;0;0;0;0;0;-67,07;-10,08;0;0;0;0;0;0;0;0;7,24;4231;0;0;1;;;;0;-999;-74,10534131;4,923859194
290;964;4,92259386;-73,84250847;7/8/2016;1,3;39,1;;0;40,016;0;6,35;123,8;33;40,016;0;78;0;6,459;2,857;-999;9,406;1,188;-999;8,364;2,306;0,9422;0,1115;-999;10,55;22,57;-999;-999;0,2884;0;-999;0;0;0;0;0;0;0;-66,18;-9,75;0;0;0;0;0;0;0;0;6,35;123,8;0;0;1;;;;0;-999;-73,84250847;4,922593863
291;966;4,6794672;-73,99339027;3/25/2000;0,1;28,4;Leve;0;317;0;7,58;13221;259,8360656;317;0;0;0;3915,7;13,3;0;60,38;6,36;0;1634;2;0;0;0;33,6;72;-999;0;0;0;0;0;0;0;0;0;0;0;0;0;0;0;0;0;0;0;0;0;7,58;13221;0;0;1;;;Clorurada;0;0;-73,99339027;4,679467204
292;967;4,67889749;-73,994237;5/9/2016;2;32,6;;0;80,764;0;7,64;12020;66;80,764;0;6476;0;3922;-999;-999;78,98;6,074;0,923;2702;0,67;-999;-999;-999;10,48;22,42;-999;0,191;-999;0;0,088;0;0;0;0;0;0;0;-67,36;-10,27;0;0;0;0;0;0;0;0;7,64;12020;0;0;1;;;;0;-999;-73,99423701;4,678897488
293;968;4,72865096;-73,29876326;3/19/2010;0,9;33,9;Ausente;0;63,4;0;5,96;347;51,96721311;63,4;0;140;158;52,2;4,5;-999;13,08;4,4;-999;32,12;7,36;5,2;0,19;-999;7,1;15,21428571;0,53;0,24;0,1;0;-999;0;0;0;0;0;0;0;0;0;0;0;0;0;0;0;0;0;5,96;347;0;0;1;;No;Clorurada;0;0,04;-73,29876326;4,72865096
294;969;4,83354158;-73,20999136;4/23/2014;0;36,1;H2S;0;177,700625;0;6,9;730;145,65625;177,700625;0;497;0;197,9386667;-999;-999;38;2,4;1,378;148;-999;-999;0,218;-999;13,8;29,57142857;0,3;0,165;6,816;0;-999;0;0;0;0;0;0;0;-49,66;-8,09;0;0;0;0;0;0;0;0;6,9;730;0;0;1;;;Clorurada;0;-999;-73,20999137;4,833541585
295;970;4,48129044;-74,64857741;5/19/2016;1;33,7;;0;558,76;1,54;7,08;1284;458;558,76;0;670;0;21,017;136,633;0,289;113,94;22,5;1,062;74,66;5,246;-999;0,054;-999;6,944;14,86;-999;0,051;0,6703;0;0,098;0;0;0;0;0;0;0;-59,98;-8,94;0;0;0;0;0;0;0;0;7,08;1284;0;0;1;;;Bicarbonatada;0;-999;-74,64857741;4,481290437
296;971;4,36240426;-74,66589278;10/28/2002;0,24;36,2;Ausente;0;52,6;0;6,91;115,3;43,1147541;52,6;0;0;0;2,14;7,7;0,745;14,3;0,859;-999;5,9;1,83;-999;0,0052;-999;8,96;19,2;-999;-999;0,248;0,3;0;-999;-999;0;0,6;-999;-999;-999;-59,95;-8,56;0;0;0;0;0;0;0;0;6,14;115,3;-999;0;1;;;Bicarbonatada;0;1,01501679;-74,66589278;4,362404262
297;972;4,36293569;-74,66631653;5/18/2016;0,35;36,4;;0;76,25;1,45;6,24;128,5;63;76,25;0;62;0;3,2353;0,6174;-999;15,326;0,704;-999;8,084;2,13;0,4215;-999;-999;7,329;15,68;-999;-999;0,2798;0;-999;0;0;0;0;0;0;0;0;0;0;0;0;0;0;0;0;0;6,24;128,5;0;0;1;;;;0;0,9088;-74,66631653;4,362935694
298;973;4,36878392;-74,75393667;5/18/2016;1;31,5;;0;561,2;74,25;6,66;899,5;460;561,2;0;461;0;13,2231;2,854;-999;98,1;28,68;1,727;40,64;8,054;-999;-999;-999;8,258;17,67;-999;-999;0,7738;0;0,101;0;0;0;0;0;0;0;-60,73;-9,31;0;0;0;0;0;0;0;0;6,66;899,5;0;0;1;;;Bicarbonatada;0;-999;-74,75393667;4,368783924
299;974;4,26394534;-74,70119765;5/17/2016;0,32;32,1;;0;548,024;4,25;7,25;891;449;548,024;0;440;0;5,056;12,1401;-999;242,4;11,728;1,522;14,484;4,372;-999;-999;-999;7,94;16,99;-999;-999;0,6262;0;0,095;0;0;0;0;0;0;0;-56,04;-8,73;0;0;0;0;0;0;0;0;7,25;891;0;0;1;;;;0;-999;-74,70119765;4,263945336
300;975;4,40167371;-74,0844159;7/8/2016;0,1;38,9;;0;129,564;0;7,46;266,4;106;129,564;0;157;0;1,8952;0,2185;-999;30,24;1,6054;0,1314;19,592;2,182;-999;0,0505;-999;15,84;33,89;-999;-999;0,297;0;-999;0;0;0;0;0;0;0;-74,63;-11,44;0;0;0;0;0;0;0;0;7,46;266,4;0;0;1;;;;0;-999;-74,0844159;4,401673709
301;976;4,54968819;-73,91783118;10/11/2016;0,22;40,5;;0;397,72;14,2;7,41;774,4;326;397,72;0;459;0;74,1342;22,6086;-999;71,76;15,02;1,996;78,18;8,128;-999;0,1436;-999;12,32;26,4;0,2;0,1949;0,5073;0;-999;0;0;0;0;0;0;0;-78,62;-12,28;0;0;0;0;0;0;0;0;7,41;777,4;0;0;1;;;Bicarbonatada;0;-999;-73,91783118;4,549688188
302;977;4,59431403;-73,09737865;5/11/2016;1,5;72,3;;0;110,898;-999;6;1563;90,9;110,898;0;800;813;347;1,9121;-999;67,84;3,872;1,818;236,2;2,59;0,407;0,272;-999;18,91;40,45;0,5;0,195;0,6762;0;0,112;0;0,2;-999;-999;0;0;0;-42,51;-7,6;0;0;0;0;0;0;0;0;6;1563;0;0;1;;;Clorurada;0;-999;-73,09737865;4,594314033
303;978;4,40612678;-73,29922395;5/11/2016;0,2;41,6;;0;46,238;0;6,19;108,6;38;46,238;0;55;0;1,0041;9,2154;0,2761;1,444;0,4206;-999;11,778;6,506;3,341;0,1264;-999;9,421;20,15;-999;-999;0,1783;0;-999;0;0;0;0;0;0;0;-44,64;-7,92;0;0;0;0;0;0;0;0;6,19;108,6;0;0;1;;;Bicarbonatada;0;-999;-73,29922395;4,406126776
304;1424;4,82210592;-73,67826152;5/12/2016;0;52,2;;0;447,984;1,14;7,03;1614;367;447,984;0;748;0;200,7;1,3483;-999;24,68;1,158;0,43;257;0,85;0,068;-999;-999;20,82;44,54;0,3;0,215;0,9973;0;0,111;0;0;0;0;0;0;0;-70,19;-10,6;0;0;0;0;0;0;0;0;7,03;1614;0;0;1;;;Bicarbonatada;0;-999;-73,67826152;4,822105923
305;1442;2,1385788;-75,67219702;6/4/2013;0;35,6;;0;26,4;0;5,9;138,2;22;26,4;0;92;0;1,1;41;-999;2,8;1,5;-999;6,1;4,3;11,8;-999;-999;11,1;23,79;-999;0,1;0,5;0;0,1;0;0;0;-999;-999;0;0;-50,31;-8,35;0;0;0;0;0;0;0;0;6,09;138,2;0;0;1;Balance iónico  23% aceptado. Sólidos totales disueltos de 75 mg/l;Óxidos de Hierro;Sulfatada;0;-999;-75,67219702;2,138578804
306;1402;4,54788325;-73,9170793;10/11/2016;0,077;41,5;;0;339,282;12,92;7,25;615,5;278,1;339,282;0;374;0;45,0712;17,441;-999;54,06;10,79;1,54;66,42;7,412;0,2256;0,1319;-999;14,71;31,52;0,2;0,173;0,5848;0;-999;0;0;0;0;0;0;0;-80,24;-12,23;0;0;0;0;0;0;0;0;7,25;615,5;0;0;1;;;Bicarbonatada;0;-999;-73,9170793;4,547883253
307;1403;4,54958348;-73,91764663;10/11/2016;0,08;32,6;;0;443,104;11,71;7,2;865,1;363,2;443,104;0;520;0;92,1522;9,3296;-999;69,54;16,98;2,062;97,78;8,716;0,3798;0,1082;-999;12,22;26,19;0,2;0,2097;0,6481;0;-999;0;0;0;0;0;0;0;-78,46;-12,35;0;0;0;0;0;0;0;0;7,2;865,1;0;0;1;;;Bicarbonatada;0;-999;-73,91764663;4,54958348
308;1404;4,54973731;-73,91807013;10/11/2016;0,364;36,7;;0;437,126;14,87;7,56;825,6;358,3;437,126;0;511;0;64,5478;36,1134;-999;75,1;21,58;1,754;80,16;8,482;-999;0,0951;-999;11,55;24,75;0,3;0,1837;0,5687;0;-999;0;0;0;0;0;0;0;-77,8;-11,31;0;0;0;0;0;0;0;0;7,56;825,6;0;0;1;;;Bicarbonatada;0;-999;-73,91807013;4,549737306
309;1405;4,54981858;-73,91754746;10/11/2016;0,05;25,3;;0;410,286;13,65;7,36;765,4;336,3;410,286;0;458;0;62,3943;23,6279;-999;71,74;18,404;1,929;72,36;7,666;-999;0,1555;-999;10,49;22,48;0,3;0,1794;0,4308;0;-999;0;0;0;0;0;0;0;-76,79;-11,15;0;0;0;0;0;0;0;0;7,36;765,4;0;0;1;;;Bicarbonatada;0;-999;-73,91754746;4,549818578
310;1406;4,55015343;-73,91869182;10/11/2016;0,063;29,1;;0;366,854;13,19;7,25;668,4;300,7;366,854;0;374;0;57,962;-999;1,6625;45,98;13,99;1,894;86,08;7,498;-999;0,0628;-999;10,02;21,47;0,3;0,1375;0,693;0;-999;0;0;0;0;0;0;0;-74,76;-10,87;0;0;0;0;0;0;0;0;7,25;668,4;0;0;1;;;Bicarbonatada;0;-999;-73,91869182;4,550153426
311;1423;5,06289706;-73,52913436;5/8/2016;0;32;;0;356,24;0;7,09;2463;292;356,24;0;1298;0;544;-999;-999;116,38;4,22;5,312;392;2,806;-999;0,092;-999;22,85;48,88;0,8;0,477;0,7165;0;0,097;0;0;0;0;0;0;0;-62,03;-9,22;0;0;0;0;0;0;0;0;7,09;2463;0;0;1;;;Clorurada;0;-999;-73,52913436;5,062897055
312;1407;4,55038821;-73,91715984;10/11/2016;0,121;32,1;;0;363,804;14,68;7,13;655,7;298,2;363,804;0;396;0;49,5665;13,6506;-999;59,48;12,096;1,664;72,04;7,658;-999;0,1435;-999;13,46;28,84;0,2;0,1755;0,6436;0;-999;0;0;0;0;0;0;0;-79,28;-11,39;0;0;0;0;0;0;0;0;7,13;655,7;0;0;1;;;Bicarbonatada;0;-999;-73,91715985;4,550388206
313;1408;4,54876082;-73,91880927;10/11/2016;0,108;22,6;;0;429,806;10,87;7,2;693,3;352,3;429,806;0;403;0;32,4158;10,6083;-999;61,34;25,08;1,719;59,76;8,528;-999;0,154;-999;7,196;15,42;0,2;0,1119;0,5114;0;-999;0;0;0;0;0;0;0;-72,09;-10,44;0;0;0;0;0;0;0;0;7,2;693,3;0;0;1;;;Bicarbonatada;0;-999;-73,91880928;4,548760816
314;1421;5,09884864;-73,64553891;5/7/2016;3;45,9;;0;52,46;0;6,68;101,1;43;52,5;0;56;0;1,4232;3,8609;0,376;6,158;1,5366;-999;10,25;3,014;1,998;0,6069;-999;10,6;22,6;-999;-999;0,1827;0;-999;0;0;0;0;0;0;0;0;0;0;0;0;0;0;0;0;0;6,68;101,1;0;0;1;;;;0;-999;-73,64553891;5,098848642
315;1425;4,70737625;-74,08020291;7/9/2016;0;23,5;;0;98,942;0;6,25;228,2;81;98,942;0;82;0;12,0812;2,1499;-999;6,496;3,424;-999;8,488;1,2058;29,24;1,503;-999;6,415;13,72;-999;-999;0,2304;0;0,0507;0;0;0;0;0;0;0;-62,43;-9,33;0;0;0;0;0;0;0;0;6,25;228,2;0;0;1;;;;0;-999;-74,08020291;4,707376252
316;1243;2,13709572;-75,88547446;6/2/2013;4;27,6;Moderado;0;297,68;4,35;7,24;553;244;297,68;0;0;33,8;5,263915422;44,24373911;-999;91,5;9,7;0,3362;12,7;2,3;-999;-999;-999;8,083;17,32071429;-999;-999;1,009578551;0;-999;0;0;0;0;0;0;0;-53,06335149;-9,410295961;0;0;0;0;0;0;0;0;7,24;553;0;0;1;;;Bicarbonatada;0;-999;-75,88547446;2,137095716
317;1200;5,60371171;-77,4384463;4/4/2013;2;34,1;;41;181;0;9,1;665;216;181;41;418;0;86,32205312;1,545485171;0,401587714;1,240888889;-999;-999;133;1,40825;-999;0,784458333;-999;29,2675;63;-999;0,096;2,398844082;0;-999;0;0;0;-999;-999;0;0;-49,38;-8,69;0;0;0;0;0;0;0;0;8,98;665;0;0;1;;;Bicarbonatada;0;-999;-77,4384463;5,603711711
318;1481;3,28969142;-75,02726273;3/11/2011;1;51,5;Leve;0;353,8;0;7,23;1179;432;353,8;0;558;650;201;20;0,96;54,2;4,92;0;170;9,58;-999;0,123;-999;19;40,71;0;-999;3,92;0,363;-999;0;0;0;0;0;0;0;-52,31789;-8,249733;0;0;0;0;0;0;0;0;7,23;1179;0;0;1;;;Bicarbonatada;0;-999;-75,02726273;3,289691419
319;1461;5,70713724;-73,09937784;7/5/2018;0;22,9;;0;30;0;6,55;80,31;0;30;0;76,99;110;4,7894;6,1442;0,5283;3,2;0,8;0;9,8;3;0;0;0;0;0;0;0;0;0;0;0;0;0;0;0;0;0;0;0;0;0;0;0;0;0;0;0;6,55;80,31;0;0;0;;;;0;0,2779;-73,09937784;5,707137241
320;1482;5,30488742;-73,1643772;5/6/2009;0;53,9;;0;263;0;6,48;436;215,574;263;0;0;0;19;0,2;0;9;0,5;0;88;5;0,4;0;0;17,3;37;-999;-999;0;0;0;0;0;0;0;0;0;0;0;0;0;0;0;0;0;0;0;0;6,48;436;0;0;1;;;Bicarbonatada;0;0;-73,1643772;5,304887416
